ApartmentId,Date,Value
570,2024-01-23 10:41:07.562+00,50
576,2024-01-23 10:51:00.353+00,50
640,2024-02-13 12:46:34.893+00,50
668,2024-02-17 19:12:44.34+00,100
697,2024-02-21 15:28:06.211+00,100
699,2024-02-21 16:42:37.138+00,100
703,2024-02-21 18:50:48.016+00,100
707,2024-02-21 20:18:25.694+00,100
708,2024-02-21 21:02:20.842+00,100
710,2024-02-21 22:40:34.337+00,100
711,2024-02-21 23:15:08.264+00,100
718,2024-02-26 10:26:17.735+00,50
722,2024-02-27 22:42:07.051+00,100
723,2024-02-27 23:40:23.872+00,100
724,2024-02-27 23:58:19.647+00,100
725,2024-02-28 00:03:59.611+00,100
726,2024-02-28 00:27:40.813+00,100
749,2024-03-10 16:33:20.906+00,100
754,2024-03-12 16:24:07.564+00,100
775,2024-03-13 21:28:02.608+00,100
777,2024-03-13 21:37:13.055+00,100
779,2024-03-13 22:22:22.029+00,100
780,2024-03-13 23:03:38.806+00,100
806,2024-03-25 15:28:46.764+00,144
940,2024-04-08 13:36:33.931+00,50
1033,2024-04-20 01:18:52.542+00,144
1043,2024-04-21 20:38:54.179+00,144
1059,2024-04-26 14:15:22.581+00,144
1066,2024-04-29 20:01:17.698+00,45
1067,2024-04-29 20:01:22.42+00,45
1068,2024-04-29 20:02:20.496+00,45
1069,2024-04-29 20:13:32.918+00,45
1070,2024-04-29 20:18:54.431+00,45
1071,2024-04-29 20:28:40.579+00,45
1076,2024-04-29 20:29:42.653+00,45
1081,2024-04-29 20:38:00.325+00,45
1084,2024-04-29 21:02:48.876+00,45
1086,2024-04-29 21:09:14.035+00,45
1087,2024-04-29 21:14:07.391+00,45
1088,2024-04-29 21:14:51.433+00,45
1089,2024-04-29 21:17:44.174+00,45
1092,2024-04-29 23:57:54.528+00,45
1093,2024-04-30 00:10:46.723+00,45
1094,2024-04-30 00:40:52.943+00,45
1095,2024-04-30 01:40:18.303+00,45
1097,2024-04-30 02:40:56.148+00,45
1098,2024-04-30 03:28:21.173+00,45
1099,2024-04-30 12:48:59.388+00,45
1100,2024-04-30 13:31:02.582+00,45
1101,2024-04-30 13:37:06.334+00,45
1103,2024-04-30 16:30:28.897+00,45
1105,2024-04-30 16:46:22.799+00,45
1111,2024-05-01 19:35:46.428+00,45
1138,2024-05-01 23:48:41.53+00,45
1139,2024-05-01 23:50:57.037+00,45
1140,2024-05-01 23:51:25.719+00,45
1141,2024-05-02 00:44:25.105+00,45
1145,2024-05-02 12:31:25.176+00,45
1147,2024-05-02 13:40:12.107+00,45
1148,2024-05-02 13:58:30.053+00,45
1149,2024-05-02 16:22:45.435+00,45
1151,2024-05-02 18:21:33.197+00,45
1152,2024-05-02 18:49:57.485+00,45
1154,2024-05-02 18:58:37.159+00,45
1156,2024-05-02 21:38:42.786+00,45
1159,2024-05-03 21:22:20.18+00,45
1160,2024-05-04 14:49:05.959+00,45
1165,2024-05-05 15:20:24.117+00,144
1166,2024-05-05 18:27:17.917+00,45
1176,2024-05-06 13:19:28.478+00,45
1253,2024-05-24 13:02:12.069+00,45
1256,2024-05-24 18:38:14.576+00,144
1261,2024-05-26 11:00:02.475+00,45
1263,2024-05-26 15:31:12.602+00,45
1279,2024-05-30 21:10:45.294+00,45
1280,2024-05-30 21:15:22.827+00,45
1281,2024-05-30 21:23:24.635+00,45
1288,2024-05-30 22:45:18.444+00,45
1296,2024-06-02 01:47:49.189+00,45
1393,2024-06-17 15:27:34.7+00,45
1394,2024-06-17 15:29:52.013+00,45
1395,2024-06-17 15:31:42.79+00,45
1396,2024-06-17 15:39:31.708+00,45
1400,2024-06-17 15:57:59.735+00,45
1401,2024-06-17 16:04:51.69+00,45
1402,2024-06-17 16:06:01.248+00,45
1403,2024-06-17 16:26:57.028+00,45
1404,2024-06-17 16:29:11.843+00,45
1405,2024-06-17 16:48:16.899+00,45
1407,2024-06-17 19:12:20.331+00,45
1409,2024-06-17 23:54:16.92+00,45
1423,2024-06-20 03:53:14.768+00,45
1424,2024-06-20 13:38:59.979+00,45
1425,2024-06-20 15:52:30.831+00,45
1475,2024-06-28 16:29:47.216+00,300
1476,2024-06-28 16:59:46.23+00,300
1486,2024-07-01 14:25:03.074+00,300
1528,2024-07-08 14:13:52.563+00,100
1534,2024-07-08 19:20:56.043+00,100
1538,2024-07-09 11:34:30.212+00,100
1539,2024-07-09 12:26:50.961+00,100
1544,2024-07-09 13:54:46.743+00,300
1586,2024-07-10 12:25:26.54+00,300
1595,2024-07-10 19:44:31.968+00,100
1600,2024-07-11 21:39:43.64+00,300
1601,2024-07-11 21:48:53.834+00,300
1606,2024-07-11 23:08:06.662+00,300
1607,2024-07-11 23:17:08.289+00,300
1614,2024-07-12 13:52:58.576+00,300
1618,2024-07-12 21:00:38.984+00,300
1652,2024-07-19 14:19:54.689+00,100
1653,2024-07-19 14:24:27.747+00,100
1656,2024-07-19 14:52:51.39+00,100
1658,2024-07-19 15:06:20.196+00,100
1659,2024-07-19 15:07:36.973+00,100
1660,2024-07-19 15:27:02.953+00,100
1663,2024-07-19 20:57:39.884+00,100
1677,2024-07-22 00:30:26.536+00,100
1685,2024-07-23 11:54:10.835+00,100
1701,2024-07-24 21:00:45.998+00,100
1711,2024-07-25 15:14:20.149+00,100
1712,2024-07-25 18:23:34.09+00,100
1718,2024-07-26 12:01:27.959+00,100
1721,2024-07-27 01:13:28.555+00,100
1732,2024-07-28 22:29:46.574+00,100
1735,2024-07-29 17:28:10.642+00,100
1762,2024-08-05 18:25:34.531+00,100
1770,2024-08-06 19:27:44.305+00,100
1780,2024-08-07 11:56:23.204+00,100
1782,2024-08-07 13:47:44.383+00,100
1851,2024-08-10 23:22:31.571+00,100
1867,2024-08-12 21:28:42.328+00,100
2099,2024-09-10 14:16:27.647+00,50
2107,2024-09-10 21:13:57.29+00,50
2109,2024-09-10 22:05:09.513+00,50
2115,2024-09-11 10:16:45.5+00,50
1755,2024-09-11 16:34:30.913+00,50
2106,2024-09-11 17:59:51.02+00,50
2119,2024-09-11 20:15:46.849+00,50
2187,2024-09-19 15:02:45.323+00,50
2078,2024-09-21 14:59:50.765+00,50
2238,2024-10-03 03:24:54.583+00,100
2304,2024-10-10 00:53:33.86+00,50
2346,2024-10-11 20:47:47.563+00,50
2280,2024-10-12 20:38:51.808+00,50
1716,2024-10-15 02:12:36.339+00,50
2420,2024-10-16 16:58:16.312+00,50
2306,2024-10-17 03:38:16.67+00,100
2423,2024-10-17 15:19:20.719+00,50
2427,2024-10-18 17:14:07.203+00,50
2432,2024-10-18 20:04:05.962+00,50
1890,2024-10-20 15:12:42.012+00,50
2448,2024-10-20 19:46:20.677+00,50
2452,2024-10-21 16:47:25.209+00,50
1571,2024-10-22 21:17:17.742+00,50
142,2024-10-26 17:21:23.61+00,50
1882,2024-10-31 03:17:33.909+00,50
2375,2024-11-02 20:52:32.467+00,50
2717,2024-12-02 00:38:00.594+00,100
2753,2024-12-08 18:13:35.914+00,100
2722,2024-12-16 00:51:36.446+00,100
3005,2025-01-20 11:42:45.938+00,50
3006,2025-01-20 14:30:53.746+00,50
3111,2025-02-13 22:24:29.515+00,25
3116,2025-02-14 15:29:43.28+00,25
2391,2025-02-14 21:11:53.807+00,25
3120,2025-02-15 21:47:33.535+00,25
3135,2025-02-17 19:45:38.343+00,50
1968,2025-02-18 15:07:29.737+00,25
2515,2025-02-20 23:04:53.555+00,25
3925,2025-04-08 02:53:33.017+00,50
5333,2025-04-10 15:46:34.95+00,50
1885,2025-04-11 02:31:05.745+00,50
2563,2025-04-12 03:21:45.229+00,50
3578,2025-04-20 17:10:47.46+00,50
5464,2025-04-24 15:48:06.726+00,50
2393,2025-04-29 23:31:38.868+00,50
2356,2025-05-01 00:56:14.36+00,50
3919,2025-06-11 13:24:12.514+00,50
6224,2025-06-12 08:27:52.324+00,50
6225,2025-06-12 08:32:56.043+00,50
6266,2025-06-19 15:16:39.029+00,50
2128,2025-06-19 15:36:27.66+00,50
6055,2025-06-19 17:11:02.821+00,50
6271,2025-06-19 17:14:32.066+00,50
6276,2025-06-19 18:06:27.869+00,50
6281,2025-06-19 18:12:12.612+00,50
2558,2025-06-19 18:45:34.598+00,50
6279,2025-06-19 18:54:26.5+00,50
1932,2025-06-19 18:58:38.36+00,50
6304,2025-06-19 20:44:46.729+00,50
6312,2025-06-20 00:27:32.364+00,50
6319,2025-06-20 12:13:07.868+00,50
3530,2025-06-20 16:22:39.712+00,50
6339,2025-06-20 20:25:22.173+00,50
6340,2025-06-20 21:11:18.697+00,50
2188,2025-06-21 01:51:11.311+00,50
1928,2025-06-27 11:05:19.294+00,50
4845,2025-07-02 00:46:59.481+00,50
6527,2025-07-08 21:59:13.077+00,75
6254,2025-07-13 01:54:14.299+00,75
6580,2025-07-13 23:46:15.965+00,75
6661,2025-07-17 08:30:20.541+00,75
6525,2025-07-25 20:51:03.492+00,75
5213,2025-07-29 14:19:05.371+00,25
6389,2025-07-29 21:54:59.111+00,75
6774,2025-07-30 01:23:43.691+00,75
7001,2025-08-06 17:59:02.346+00,75
6991,2025-08-07 12:21:25.021+00,75
6838,2025-08-07 12:46:34.443+00,75
7050,2025-08-07 13:32:28.165+00,75
7049,2025-08-07 14:56:16.891+00,75
6493,2025-08-08 14:43:14.708+00,75
6502,2025-08-08 16:26:30.215+00,75
6981,2025-08-12 07:39:00.894+00,75
7147,2025-08-12 11:46:55.206+00,75
7143,2025-08-12 11:54:12.781+00,75
7148,2025-08-12 11:55:18.655+00,75
7150,2025-08-12 12:06:02.035+00,75
7151,2025-08-12 12:07:18.248+00,75
7156,2025-08-12 12:22:25.963+00,75
7158,2025-08-12 12:24:48.916+00,75
7166,2025-08-12 13:14:10.668+00,75
7170,2025-08-12 13:28:27.47+00,75
6892,2025-08-12 13:35:40.267+00,75
6870,2025-08-14 22:39:39.378+00,75
6811,2025-08-14 22:42:44.314+00,75
6859,2025-08-14 23:18:27.944+00,75
7239,2025-08-15 17:30:36.164+00,75
6398,2025-08-15 18:01:01.386+00,75
6989,2025-08-18 14:58:56.329+00,75
7327,2025-08-19 11:25:01.331+00,75
7328,2025-08-19 11:28:07.333+00,75
7335,2025-08-19 12:07:59+00,75
7336,2025-08-19 12:11:00.148+00,75
7337,2025-08-19 12:13:17.988+00,75
7338,2025-08-19 12:17:54.35+00,75
7341,2025-08-19 12:19:23.121+00,75
7340,2025-08-19 12:19:54.345+00,75
7342,2025-08-19 12:22:07.257+00,75
7114,2025-08-19 12:23:23.731+00,75
7343,2025-08-19 12:26:52.437+00,75
7344,2025-08-19 12:32:02.222+00,75
7345,2025-08-19 12:32:40.878+00,75
7346,2025-08-19 12:39:08.147+00,75
7334,2025-08-19 12:45:39.446+00,75
7348,2025-08-19 12:49:57.997+00,75
7353,2025-08-19 13:03:21.996+00,75
7354,2025-08-19 13:06:42.983+00,75
7355,2025-08-19 13:08:58.984+00,75
7356,2025-08-19 13:10:17.103+00,75
7359,2025-08-19 13:15:47.407+00,75
7363,2025-08-19 13:30:08.674+00,75
7364,2025-08-19 13:34:58.348+00,75
7366,2025-08-19 13:39:57.742+00,75
7367,2025-08-19 13:41:35.833+00,75
7368,2025-08-19 13:45:34.549+00,75
7369,2025-08-19 13:52:16.689+00,75
7370,2025-08-19 13:56:15.909+00,75
7371,2025-08-19 14:03:11.116+00,75
7411,2025-08-21 15:55:45.189+00,75
7421,2025-08-21 21:31:37.851+00,75
7422,2025-08-21 21:32:07.615+00,75
7424,2025-08-21 21:37:44.972+00,75
7425,2025-08-21 21:42:00.301+00,75
7427,2025-08-21 22:18:15.282+00,75
7428,2025-08-21 22:20:12.859+00,75
7431,2025-08-21 22:59:59.106+00,75
7633,2025-08-30 04:40:40.064+00,75
7652,2025-09-01 00:51:34.801+00,75
7089,2025-09-02 03:04:45.291+00,75
7730,2025-09-02 22:29:57.074+00,75
7771,2025-09-04 02:35:49.945+00,75
7810,2025-09-04 21:44:35.79+00,75
7856,2025-09-05 19:45:46.424+00,75
7088,2025-09-07 01:19:40.318+00,75
978,2025-09-10 14:46:06.715+00,200
7932,2025-09-10 15:23:41.715+00,200
7942,2025-09-11 13:33:28.672+00,75
7433,2025-09-14 14:23:58.738+00,75
8068,2025-09-17 11:47:01.017+00,75
8069,2025-09-17 11:54:32.567+00,75
8071,2025-09-17 12:04:47.027+00,75
8072,2025-09-17 12:06:22.634+00,75
8074,2025-09-17 12:10:58.801+00,75
8076,2025-09-17 12:11:28.926+00,75
8079,2025-09-17 12:21:28.57+00,75
8081,2025-09-17 12:22:53.297+00,75
8019,2025-09-17 12:28:59.475+00,75
8083,2025-09-17 12:31:35.272+00,75
7625,2025-09-17 12:35:09.415+00,75
8086,2025-09-17 12:42:01.253+00,75
8088,2025-09-17 12:45:02.877+00,75
8032,2025-09-17 12:46:43.876+00,75
7512,2025-09-17 12:46:51.206+00,75
8089,2025-09-17 12:49:39.972+00,75
8091,2025-09-17 12:54:26.585+00,75
8095,2025-09-17 13:06:04.426+00,75
8096,2025-09-17 13:08:26.818+00,75
7510,2025-09-17 13:13:33.575+00,75
8097,2025-09-17 13:18:24.694+00,75
8098,2025-09-17 13:19:18.599+00,75
7520,2025-09-17 13:24:22.278+00,75
8099,2025-09-17 13:28:04.25+00,75
8100,2025-09-17 13:31:45.121+00,75
8101,2025-09-17 13:36:16.81+00,75
8103,2025-09-17 13:46:18.557+00,75
8106,2025-09-17 13:52:28.749+00,75
8107,2025-09-17 13:54:33.716+00,75
8108,2025-09-17 14:10:18.984+00,75
8109,2025-09-17 14:11:03.285+00,75
8110,2025-09-17 14:14:56.328+00,75
8073,2025-09-17 17:15:26.892+00,75
8148,2025-09-18 21:59:07.317+00,75
8149,2025-09-18 22:03:42.301+00,75
8150,2025-09-18 22:18:13.626+00,75
8152,2025-09-18 22:23:35.64+00,75
7768,2025-09-18 22:30:59.011+00,75
8302,2025-09-22 23:54:47.591+00,75
8316,2025-09-23 11:25:43.217+00,75
8317,2025-09-23 11:35:48.818+00,75
8319,2025-09-23 11:50:09.754+00,75
8141,2025-09-23 11:52:52.392+00,75
8321,2025-09-23 11:59:59.086+00,75
8323,2025-09-23 12:09:35.989+00,75
8143,2025-09-23 12:10:04.432+00,75
8145,2025-09-23 12:17:30.824+00,75
8325,2025-09-23 12:26:30.398+00,75
8329,2025-09-23 12:35:27.516+00,75
8330,2025-09-23 12:38:41.889+00,75
8331,2025-09-23 12:38:45.949+00,75
8332,2025-09-23 12:44:30.83+00,75
8333,2025-09-23 12:47:54.742+00,75
8334,2025-09-23 12:49:02.733+00,75
8335,2025-09-23 12:53:29.214+00,75
8336,2025-09-23 13:01:39.985+00,75
8337,2025-09-23 13:04:53.88+00,75
8135,2025-09-23 13:09:21.782+00,75
8339,2025-09-23 13:12:31.721+00,75
8203,2025-09-23 13:17:26.348+00,75
8340,2025-09-23 13:25:27.777+00,75
8341,2025-09-23 13:28:44.263+00,75
8342,2025-09-23 13:46:24.382+00,75
8343,2025-09-23 13:48:23.981+00,75
8345,2025-09-23 13:56:00.718+00,75
8347,2025-09-23 14:17:17.196+00,75
8348,2025-09-23 14:23:25.839+00,75
8349,2025-09-23 14:34:26.607+00,75
8326,2025-09-23 16:56:01.016+00,75
8401,2025-09-24 22:04:34.544+00,75
8402,2025-09-24 22:09:27.329+00,75
8403,2025-09-24 22:10:15.061+00,75
8405,2025-09-24 22:25:06.528+00,75
8408,2025-09-24 22:44:55.51+00,75
8413,2025-09-25 11:50:32.128+00,75
8414,2025-09-25 11:56:12.064+00,75
8415,2025-09-25 11:58:22.581+00,75
8416,2025-09-25 11:59:14.293+00,75
8417,2025-09-25 12:07:37.936+00,75
8418,2025-09-25 12:09:59.2+00,75
8419,2025-09-25 12:10:29.904+00,75
8420,2025-09-25 12:13:10.347+00,75
8421,2025-09-25 12:14:06.762+00,75
8400,2025-09-25 12:22:36.06+00,75
8428,2025-09-25 12:23:14.367+00,75
8429,2025-09-25 12:27:15.158+00,75
8430,2025-09-25 12:33:27.746+00,75
8431,2025-09-25 12:36:14.507+00,75
8432,2025-09-25 12:37:00.479+00,75
8434,2025-09-25 12:38:53.099+00,75
8435,2025-09-25 12:44:10.258+00,75
8436,2025-09-25 12:48:47.237+00,75
8438,2025-09-25 12:54:59.635+00,75
8144,2025-09-25 12:58:33.498+00,75
8440,2025-09-25 12:59:54.896+00,75
8444,2025-09-25 13:34:42.927+00,75
8450,2025-09-25 13:45:27.899+00,75
8453,2025-09-25 13:48:52.131+00,75
8452,2025-09-25 13:53:36.237+00,75
8454,2025-09-25 14:01:01.121+00,75
6881,2025-09-25 14:06:03.796+00,75
8455,2025-09-25 14:09:11.692+00,75
8458,2025-09-25 14:56:14.326+00,75
8483,2025-09-27 14:18:19.83+00,75
8503,2025-09-30 17:13:02.321+00,50
8465,2025-10-01 15:45:50.317+00,50
8536,2025-10-02 20:24:28.291+00,75
8472,2025-10-03 19:55:06.286+00,50
8600,2025-10-07 19:20:51.941+00,75
8649,2025-10-09 18:59:12.206+00,50
8677,2025-10-12 04:52:03.236+00,75
8201,2025-10-12 12:45:18.363+00,50
8738,2025-10-14 21:44:59.719+00,75
2588,2025-10-14 21:45:46.943+00,75
8741,2025-10-14 22:01:11.138+00,75
8690,2025-10-14 22:26:23.821+00,75
8121,2025-10-14 22:29:50.45+00,75
8743,2025-10-15 03:19:18.964+00,75
8762,2025-10-16 11:45:29.591+00,75
8763,2025-10-16 12:28:04.168+00,75
1917,2025-10-16 12:38:33.369+00,75
7178,2025-10-16 12:43:15.907+00,75
2703,2025-10-16 12:48:05.48+00,75
8764,2025-10-16 13:01:34.143+00,75
8765,2025-10-16 13:05:46.356+00,75
1825,2025-10-16 13:49:10.661+00,75
8769,2025-10-16 13:52:55.16+00,75
8771,2025-10-16 14:11:38.588+00,75
8786,2025-10-17 16:14:36.297+00,50
7962,2025-10-17 17:50:10.695+00,75
8818,2025-10-19 17:27:29.837+00,75
8848,2025-10-21 11:32:45.045+00,75
8730,2025-10-21 11:36:55.973+00,75
8849,2025-10-21 11:42:01.355+00,75
8850,2025-10-21 11:46:49.791+00,75
8852,2025-10-21 11:59:22.553+00,75
8853,2025-10-21 12:01:19.641+00,75
8854,2025-10-21 12:05:47.139+00,75
8856,2025-10-21 12:17:34.858+00,75
8736,2025-10-21 12:30:42.762+00,75
8858,2025-10-21 12:40:44.638+00,75
8859,2025-10-21 12:42:24.011+00,75
8860,2025-10-21 12:56:51.086+00,75
8861,2025-10-21 12:58:46.66+00,75
8865,2025-10-21 13:29:07.215+00,75
8864,2025-10-21 13:29:26.327+00,75
8866,2025-10-21 13:44:00.061+00,75
8867,2025-10-21 13:52:08.062+00,75
8869,2025-10-21 14:00:51.586+00,75
8870,2025-10-21 14:20:31.748+00,75
8871,2025-10-21 14:23:46.105+00,75
7106,2025-10-25 17:12:16.998+00,75
8939,2025-10-25 22:28:47.913+00,75
6496,2025-10-27 13:27:22.992+00,75
7731,2025-10-27 14:51:00.883+00,50
8977,2025-10-29 11:25:55.086+00,75
3192,2025-10-29 11:57:59.074+00,50
2054,2025-10-29 12:06:06.853+00,50
2866,2025-10-29 12:22:12.223+00,50
8985,2025-10-29 12:24:47.799+00,50
8986,2025-10-29 12:35:36.128+00,50
8990,2025-10-29 13:14:13.868+00,50
8993,2025-10-29 14:07:51.281+00,50
373,2025-10-30 17:56:11.36+00,75
8880,2025-10-31 13:30:20.562+00,75
8973,2025-11-03 09:38:38.457+00,50
8975,2025-11-03 10:19:08.689+00,50
9060,2025-11-03 10:57:25.915+00,50
9060,2025-11-03 11:08:56.948+00,75
5373,2025-11-03 17:54:51.193+00,50
2783,2025-11-03 17:58:30.84+00,50
1817,2025-11-03 19:24:54.353+00,50
5602,2025-11-03 21:00:52.054+00,50
7058,2025-11-04 00:15:23.265+00,50
8960,2025-11-04 02:20:34.903+00,50
9078,2025-11-04 02:53:29.099+00,75
9002,2025-11-04 16:44:48.684+00,50
9095,2025-11-05 12:26:11.212+00,50
9096,2025-11-05 12:35:00.566+00,50
9097,2025-11-05 12:36:08.351+00,50
9098,2025-11-05 12:51:42.437+00,50
9100,2025-11-05 13:08:45.041+00,50
9101,2025-11-05 13:15:55.934+00,50
9102,2025-11-05 13:22:35.291+00,50
9094,2025-11-05 13:25:59.5+00,50
9103,2025-11-05 13:28:29.345+00,50
9104,2025-11-05 13:35:45.528+00,50
9105,2025-11-05 13:40:35.062+00,50
9107,2025-11-05 13:49:57.172+00,50
8909,2025-11-05 13:51:27.869+00,50
9108,2025-11-05 13:51:37.425+00,50
9109,2025-11-05 14:12:07.828+00,50
9110,2025-11-05 14:15:49.203+00,50
9111,2025-11-05 14:17:05.272+00,50
9113,2025-11-05 14:33:52.258+00,50
9114,2025-11-05 14:43:43.726+00,50
9115,2025-11-05 14:54:53.969+00,50
8752,2025-11-05 15:08:56.535+00,50
9123,2025-11-06 12:31:02.911+00,50
9124,2025-11-06 12:35:13.669+00,50
9125,2025-11-06 12:46:33.912+00,50
1450,2025-11-06 13:05:01.718+00,50
9127,2025-11-06 13:23:18.316+00,50
1451,2025-11-06 13:29:21.958+00,50
9128,2025-11-06 13:47:56.813+00,50
1443,2025-11-06 14:00:06.383+00,50
9130,2025-11-06 14:26:07.791+00,50
9078,2025-11-06 21:23:32.029+00,50
9142,2025-11-07 12:19:04.559+00,50
9143,2025-11-07 12:39:50.397+00,50
9144,2025-11-07 12:41:52.993+00,50
9145,2025-11-07 12:45:48.153+00,50
9146,2025-11-07 13:07:51.539+00,50
9147,2025-11-07 13:11:04.906+00,50
9148,2025-11-07 13:32:32.954+00,50
8793,2025-11-07 13:37:32.217+00,50
8724,2025-11-07 13:43:03.968+00,50
9149,2025-11-07 13:44:11.522+00,50
9150,2025-11-07 13:52:53.447+00,50
9151,2025-11-07 13:55:38.264+00,50
9152,2025-11-07 14:03:36.643+00,50
9154,2025-11-07 14:07:48.083+00,50
9156,2025-11-07 14:25:04.888+00,50
9155,2025-11-07 14:25:21.668+00,50
9157,2025-11-07 14:31:10.389+00,50
8925,2025-11-07 14:31:59.707+00,50
9158,2025-11-07 14:34:02.107+00,50
9159,2025-11-07 14:39:27.018+00,50
9160,2025-11-07 14:42:26.342+00,50
9161,2025-11-07 14:46:10.4+00,50
9162,2025-11-07 14:59:54.801+00,50
9163,2025-11-07 15:12:42.352+00,50
9165,2025-11-07 15:14:17.207+00,50
9164,2025-11-07 15:17:00.853+00,50
9166,2025-11-07 15:20:42.705+00,50
9167,2025-11-07 15:27:19.446+00,50
9174,2025-11-08 01:19:53.257+00,50
9199,2025-11-10 22:03:09.726+00,50
9205,2025-11-11 13:08:39.121+00,50
7445,2025-11-11 14:34:01.892+00,50
9200,2025-11-12 16:09:24.5+00,50
9236,2025-11-12 16:51:55.169+00,50
8531,2025-11-12 20:53:44.158+00,75
9199,2025-11-12 21:16:48.309+00,75
8106,2025-11-13 00:06:05.112+00,50
8321,2025-11-13 00:31:43.952+00,50
7831,2025-11-13 02:04:07.118+00,50
7783,2025-11-13 22:51:45.142+00,50
9251,2025-11-13 23:18:07.725+00,50
9252,2025-11-13 23:38:58.633+00,50
9256,2025-11-14 12:58:36.931+00,50
9257,2025-11-14 13:10:44.989+00,50
9258,2025-11-14 13:14:46.393+00,50
9259,2025-11-14 13:27:50.673+00,50
9260,2025-11-14 13:31:35.725+00,50
9261,2025-11-14 13:46:00.948+00,50
9262,2025-11-14 13:51:58.337+00,50
9263,2025-11-14 14:04:20.293+00,50
9264,2025-11-14 14:08:54.348+00,50
9265,2025-11-14 14:35:15.47+00,50
9266,2025-11-14 14:46:18.212+00,50
9267,2025-11-14 14:50:17.589+00,50
9268,2025-11-14 15:22:05.853+00,50
9269,2025-11-14 16:11:11.755+00,50
9230,2025-11-17 00:09:42.054+00,50
9289,2025-11-17 05:48:16.316+00,50
8641,2025-11-17 21:04:30.397+00,75
9297,2025-11-18 12:20:10.216+00,50
7271,2025-11-18 12:32:24.269+00,50
9300,2025-11-18 13:13:20.794+00,50
9299,2025-11-18 13:13:44.124+00,50
9302,2025-11-18 13:22:26.299+00,50
2156,2025-11-18 13:24:08.185+00,50
9303,2025-11-18 13:24:41.699+00,50
9304,2025-11-18 13:29:08.382+00,50
2871,2025-11-18 13:29:35.164+00,50
2189,2025-11-18 13:41:19.762+00,50
9305,2025-11-18 13:46:46.872+00,50
9306,2025-11-18 13:55:52.61+00,50
9307,2025-11-18 14:14:28.408+00,50
9308,2025-11-18 14:25:23.708+00,50
9309,2025-11-18 14:29:17.349+00,50
9310,2025-11-18 14:34:38.039+00,50
9311,2025-11-18 14:41:36.731+00,50
9312,2025-11-18 14:46:48.881+00,50
9313,2025-11-18 14:56:56.05+00,50
2265,2025-11-18 14:57:48.267+00,50
2157,2025-11-18 15:05:35.54+00,50
2149,2025-11-18 15:08:30.527+00,50
9315,2025-11-18 15:08:47.035+00,50
9316,2025-11-18 15:31:14.622+00,50
9314,2025-11-18 15:56:45.72+00,50
9215,2025-11-19 00:54:46.229+00,50
9330,2025-11-19 13:11:33.237+00,75
6423,2025-11-19 13:25:25.889+00,75
7009,2025-11-19 13:41:36.718+00,75
8523,2025-11-19 13:47:37.621+00,75
9331,2025-11-19 13:48:28.873+00,75
6676,2025-11-19 13:50:07.816+00,75
9332,2025-11-19 14:00:46.414+00,75
9334,2025-11-19 14:30:55.107+00,75
9336,2025-11-19 14:33:38.112+00,75
9337,2025-11-19 14:45:35.263+00,75
9346,2025-11-20 12:01:09.507+00,50
9347,2025-11-20 12:26:28.351+00,50
5906,2025-11-20 12:30:58.839+00,50
9239,2025-11-20 12:39:26.149+00,50
5973,2025-11-20 12:46:45.648+00,50
6667,2025-11-20 12:46:54.035+00,50
9349,2025-11-20 12:49:58.944+00,50
5766,2025-11-20 12:52:14.765+00,50
9350,2025-11-20 13:01:46.416+00,50
9342,2025-11-20 13:03:45.844+00,75
9351,2025-11-20 13:10:55.994+00,50
9352,2025-11-20 13:15:22.769+00,50
5807,2025-11-20 13:19:34.349+00,50
9354,2025-11-20 13:23:39.122+00,50
5909,2025-11-20 13:25:01.786+00,50
5639,2025-11-20 13:25:28.889+00,50
5765,2025-11-20 13:53:43.71+00,50
5972,2025-11-20 14:15:00.543+00,50
9356,2025-11-20 14:19:02.581+00,50
5822,2025-11-20 14:36:09.454+00,50
9357,2025-11-20 15:20:27.228+00,50
9358,2025-11-20 15:28:28.766+00,50
9359,2025-11-20 15:36:44.323+00,50
479,2025-11-20 18:20:32.006+00,50
8342,2025-11-20 19:47:32.955+00,75
8342,2025-11-20 20:22:00.248+00,50
9364,2025-11-20 22:32:57.058+00,50
9365,2025-11-20 22:39:24.676+00,50
9369,2025-11-21 04:11:04.695+00,50
9376,2025-11-21 17:42:34.352+00,75
8073,2025-11-21 22:16:06.302+00,50
9380,2025-11-21 22:35:00.421+00,50
9384,2025-11-22 16:59:40.362+00,75
9398,2025-11-24 00:45:43.771+00,75
9404,2025-11-24 11:55:16.561+00,50
7764,2025-11-24 13:47:23.434+00,50
9388,2025-11-24 17:21:09.335+00,50
7593,2025-11-24 19:37:37.966+00,50
8682,2025-11-25 17:55:47.514+00,50
9437,2025-11-25 18:40:08.88+00,50
5512,2025-11-26 10:37:44.215+00,50
9467,2025-11-26 15:01:38.749+00,50
9475,2025-11-26 18:06:34.975+00,50
9483,2025-11-27 12:00:48.504+00,50
9484,2025-11-27 12:01:29.717+00,50
9485,2025-11-27 12:02:12.843+00,50
9486,2025-11-27 12:14:35.247+00,50
8551,2025-11-28 15:30:03.036+00,75
9488,2025-11-30 01:04:33.124+00,50
9557,2025-12-02 21:57:17.315+00,50
9579,2025-12-04 13:33:34.168+00,50
9472,2025-12-04 13:44:36.933+00,50
9578,2025-12-04 13:45:40.689+00,50
9585,2025-12-04 14:15:07.336+00,50
9586,2025-12-04 14:21:13.761+00,50
9588,2025-12-04 14:43:21.732+00,50
9591,2025-12-04 14:48:55.253+00,50
9594,2025-12-04 14:55:03.629+00,50
9595,2025-12-04 14:56:55.884+00,50
9596,2025-12-04 15:02:12.161+00,50
9597,2025-12-04 15:02:43.556+00,75
9599,2025-12-04 15:28:51.418+00,50
9600,2025-12-04 15:31:37.358+00,50
9590,2025-12-04 18:23:22.133+00,50
9608,2025-12-04 22:58:04.577+00,75
8342,2025-12-05 16:28:37.028+00,50
9641,2025-12-07 21:31:47.46+00,50
9650,2025-12-08 19:53:57.362+00,50
5648,2025-12-08 20:07:12.924+00,50
9647,2025-12-10 01:25:50.219+00,50
9676,2025-12-12 12:49:10.936+00,50
9677,2025-12-12 12:50:29.593+00,50
9679,2025-12-12 12:56:37.153+00,50
9681,2025-12-12 13:14:39.647+00,50
9682,2025-12-12 13:49:26.036+00,50
9683,2025-12-12 13:51:28.433+00,50
9684,2025-12-12 14:00:32.778+00,50
9685,2025-12-12 14:17:27.777+00,50
9680,2025-12-12 14:27:04.923+00,50
9686,2025-12-12 14:36:04.827+00,50
9687,2025-12-12 14:39:06.901+00,50
9688,2025-12-12 14:56:02.19+00,50
9689,2025-12-12 15:29:07.11+00,50
8487,2025-12-15 17:35:23.88+00,50
9719,2025-12-16 12:44:46.864+00,50
9720,2025-12-16 12:49:35.282+00,50
9721,2025-12-16 12:52:31.343+00,50
2620,2025-12-16 13:07:57.251+00,50
2663,2025-12-16 13:09:48.472+00,50
9722,2025-12-16 13:12:22.413+00,50
9723,2025-12-16 13:24:56.051+00,50
641,2025-12-16 13:33:14.938+00,50
9725,2025-12-16 13:38:39.7+00,50
9726,2025-12-16 13:45:55.492+00,50
2455,2025-12-16 13:49:02.848+00,50
2682,2025-12-16 14:01:59.977+00,50
629,2025-12-16 14:03:52.482+00,50
9641,2025-12-16 14:04:53+00,75
2490,2025-12-16 14:16:16.524+00,50
5202,2025-12-16 14:21:50.096+00,50
480,2025-12-16 14:24:54.059+00,50
9727,2025-12-16 14:53:39.214+00,50
3914,2025-12-16 15:09:30.61+00,50
4789,2025-12-16 15:14:07.176+00,50
514,2025-12-16 15:17:16.987+00,50
9732,2025-12-17 12:32:57.439+00,50
4127,2025-12-17 12:33:02.242+00,50
4560,2025-12-17 12:49:16.693+00,50
9734,2025-12-17 13:02:41.241+00,50
3107,2025-12-17 13:15:07.142+00,50
5085,2025-12-17 13:21:55.324+00,50
4186,2025-12-17 13:27:01.993+00,50
4419,2025-12-17 13:28:02.607+00,50
4371,2025-12-17 13:30:09.097+00,50
9735,2025-12-17 13:32:54.538+00,50
1350,2025-12-17 13:33:40.796+00,50
524,2025-12-17 13:41:41.149+00,50
1196,2025-12-17 13:42:42.492+00,50
4251,2025-12-17 13:48:11.382+00,50
4416,2025-12-17 13:50:52.023+00,50
9736,2025-12-17 13:52:55.979+00,50
523,2025-12-17 13:54:40.845+00,50
4318,2025-12-17 13:56:20.796+00,50
3985,2025-12-17 14:09:16.236+00,50
661,2025-12-17 14:10:17.935+00,50
9738,2025-12-17 14:16:33.553+00,50
9739,2025-12-17 14:19:42.91+00,50
4404,2025-12-17 14:28:02.355+00,50
8819,2025-12-17 14:30:51.403+00,50
4337,2025-12-17 14:31:10.958+00,50
9740,2025-12-17 14:52:43.072+00,50
4224,2025-12-17 14:53:14.844+00,50
4325,2025-12-17 14:54:48.102+00,75
4174,2025-12-17 15:10:03.553+00,50
4034,2025-12-17 15:19:04.942+00,50
534,2025-12-17 15:32:46.458+00,50
9742,2025-12-17 15:34:58.172+00,50
9743,2025-12-17 15:39:01.991+00,50
2621,2025-12-17 15:49:21.719+00,50
9507,2025-12-17 15:51:25.462+00,50
7378,2025-12-20 15:05:47.41+00,75
9771,2025-12-22 00:02:39.885+00,50
9779,2025-12-22 14:01:07.177+00,75
7882,2025-12-23 11:57:30.363+00,50
9793,2025-12-23 12:33:02.901+00,50
9794,2025-12-23 12:39:12.574+00,50
9795,2025-12-23 12:41:25.683+00,50
9796,2025-12-23 12:46:20.768+00,50
9797,2025-12-23 13:05:44.045+00,50
8072,2025-12-23 13:06:40.776+00,50
7856,2025-12-23 13:12:16.64+00,50
9798,2025-12-23 13:20:13.507+00,50
9799,2025-12-23 13:29:58.667+00,50
9800,2025-12-23 13:35:18.081+00,50
8076,2025-12-23 13:35:54.71+00,50
9802,2025-12-23 13:40:16.585+00,50
9801,2025-12-23 13:40:26.673+00,50
7519,2025-12-23 13:57:10.494+00,50
7960,2025-12-23 14:05:09.93+00,50
9804,2025-12-23 14:16:18.281+00,50
7522,2025-12-23 14:19:44.838+00,50
9802,2025-12-23 14:26:39.261+00,75
9806,2025-12-23 14:26:43.421+00,50
8079,2025-12-23 14:28:35.521+00,50
9807,2025-12-23 14:41:17.879+00,50
8699,2025-12-23 14:49:55.071+00,50
9806,2025-12-23 15:03:19.68+00,75
9003,2025-12-24 22:02:35.763+00,50
8144,2025-12-24 22:29:23.498+00,50
7851,2025-12-24 23:26:40.512+00,50
9817,2025-12-25 01:57:04.428+00,50
7556,2025-12-25 15:44:48.372+00,50
7131,2025-12-27 15:55:55.232+00,75
9115,2025-12-28 15:02:30.246+00,50
9839,2025-12-29 13:11:00.151+00,50
8775,2025-12-30 01:38:25.963+00,50
9861,2026-01-01 14:01:28.455+00,75
9863,2026-01-01 16:41:32.222+00,50
9657,2026-01-02 17:21:55.346+00,50
8120,2026-01-05 05:00:12.318+00,50
9703,2026-01-05 22:44:28.527+00,50
9891,2026-01-06 15:15:16.93+00,75
9378,2026-01-09 02:45:41.272+00,50
9615,2026-01-12 17:51:00.351+00,50
9958,2026-01-12 19:51:45.021+00,50
9578,2026-01-13 02:46:49.371+00,50
9974,2026-01-13 20:02:34.15+00,75
9993,2026-01-15 13:51:40.544+00,50
9996,2026-01-15 14:11:59.35+00,50
9997,2026-01-15 14:25:14.324+00,50
10001,2026-01-15 15:24:12.667+00,50
9934,2026-01-15 15:30:23.75+00,50
6813,2026-01-16 12:24:14.171+00,50
10014,2026-01-16 12:34:17.635+00,50
10018,2026-01-16 13:05:18.202+00,50
10019,2026-01-16 13:08:12.015+00,50
10021,2026-01-16 13:15:07.964+00,50
10020,2026-01-16 13:15:49.5+00,50
6811,2026-01-16 13:18:34.799+00,50
10022,2026-01-16 13:19:18.635+00,50
7002,2026-01-16 13:23:57.636+00,50
7023,2026-01-16 13:28:37.939+00,50
6887,2026-01-16 13:31:22.511+00,50
7002,2026-01-16 13:37:10.629+00,75
6893,2026-01-16 13:42:02.084+00,50
7021,2026-01-16 13:48:48.754+00,50
6996,2026-01-16 13:55:15.183+00,50
6895,2026-01-16 15:11:16.446+00,50
6846,2026-01-16 15:27:52.165+00,50
6847,2026-01-16 17:01:39.464+00,50
10031,2026-01-16 23:06:51.708+00,50
8342,2026-01-17 14:34:14.752+00,50
6476,2026-01-17 14:40:15.721+00,50
10036,2026-01-17 14:40:35.703+00,50
10039,2026-01-17 14:48:57.862+00,50
9048,2026-01-17 15:02:59.849+00,50
10040,2026-01-17 15:12:04.721+00,50
6681,2026-01-17 15:21:44.265+00,50
10041,2026-01-17 15:28:56.507+00,50
6496,2026-01-17 15:29:22.291+00,50
10042,2026-01-17 15:33:50.317+00,50
10043,2026-01-17 15:36:48.678+00,50
6688,2026-01-17 15:57:59.261+00,50
9129,2026-01-17 16:11:17.363+00,50
8818,2026-01-17 16:32:49.094+00,50
7760,2026-01-17 16:57:10.679+00,50
10044,2026-01-17 17:14:39.492+00,50
6427,2026-01-17 18:11:43.435+00,50
6390,2026-01-17 19:06:45.329+00,50
7713,2026-01-17 21:48:40.843+00,50
9289,2026-01-17 22:17:49.171+00,50
9969,2026-01-18 00:31:28.327+00,50
10053,2026-01-18 14:13:23.884+00,50
10054,2026-01-18 18:21:25.339+00,50
6719,2026-01-19 16:55:02.028+00,50
6962,2026-01-19 17:06:08.296+00,75
9896,2026-01-21 19:19:20.696+00,75
10152,2026-01-21 23:38:28.371+00,75
8240,2026-01-22 00:16:35.082+00,50
10154,2026-01-22 00:39:11.029+00,75
10157,2026-01-22 03:33:07.948+00,50
10003,2026-01-22 18:58:00.293+00,50
10205,2026-01-22 23:17:29.617+00,50
6569,2026-01-23 12:42:24.679+00,50
10216,2026-01-23 13:00:24.16+00,50
10218,2026-01-23 13:55:18.241+00,50
10220,2026-01-23 13:58:23.525+00,50
10221,2026-01-23 14:10:15.317+00,50
6419,2026-01-23 14:17:11.419+00,50
10226,2026-01-23 15:27:40.716+00,50
6413,2026-01-23 18:15:02.273+00,50
10245,2026-01-24 19:35:01.533+00,75
10253,2026-01-25 13:19:47.819+00,5
10253,2026-01-25 13:33:58.061+00,5
10317,2026-01-29 04:45:30.285+00,50
10321,2026-01-29 14:19:03.066+00,50
10084,2026-01-29 14:46:14.836+00,50
10325,2026-01-29 14:47:10.541+00,50
10328,2026-01-29 15:43:26.332+00,50
10327,2026-01-29 15:47:04.319+00,75
10329,2026-01-29 16:10:16.678+00,50
6962,2026-01-29 20:46:49.881+00,50
10340,2026-01-29 21:03:55.718+00,50
10158,2026-01-30 12:44:19.807+00,75
10350,2026-01-30 12:54:22.915+00,75
10351,2026-01-30 12:55:36.804+00,75
10352,2026-01-30 12:58:58.543+00,75
10149,2026-01-30 13:21:04.733+00,75
10353,2026-01-30 13:30:13.147+00,75
10354,2026-01-30 13:31:11.157+00,75
10151,2026-01-30 13:37:49.022+00,75
10356,2026-01-30 13:45:41.358+00,75
10355,2026-01-30 13:45:53.105+00,75
10142,2026-01-30 14:06:14.767+00,75
10358,2026-01-30 14:13:17.728+00,75
10359,2026-01-30 14:42:25.542+00,75
10306,2026-01-30 15:26:56.179+00,75
10357,2026-01-30 16:49:24.499+00,75
6761,2026-02-02 19:23:00.803+00,75
6433,2026-02-04 02:29:57.924+00,50
10410,2026-02-04 15:27:18.534+00,50
8329,2026-02-04 16:04:41.298+00,50
6496,2026-02-04 17:36:45.091+00,50
6525,2026-02-04 17:37:22.319+00,50
10412,2026-02-04 18:30:34.343+00,50
10413,2026-02-04 18:57:14.304+00,50
9078,2026-02-04 19:18:52.818+00,50
8818,2026-02-04 20:16:36.474+00,50
6158,2026-02-04 23:32:00.215+00,50
6502,2026-02-05 02:10:28.939+00,50
6390,2026-02-05 04:35:28.078+00,50
3047,2026-02-05 19:03:00.938+00,50
3985,2026-02-05 20:36:38.32+00,50
10189,2026-02-06 00:41:54.799+00,75
10433,2026-02-06 05:47:12.928+00,50
10435,2026-02-06 06:30:24.56+00,50
10443,2026-02-06 13:03:14.774+00,75
10380,2026-02-06 13:03:21.36+00,75
10378,2026-02-06 13:04:17.419+00,75
10176,2026-02-06 13:29:28.98+00,75
10444,2026-02-06 13:46:19.52+00,75
10445,2026-02-06 13:57:36.614+00,75
10170,2026-02-06 14:23:23.15+00,75
10364,2026-02-06 14:25:46.38+00,75
10446,2026-02-06 15:04:52.511+00,75
10447,2026-02-06 15:12:26.697+00,75
9367,2026-02-06 22:12:51.42+00,50
10477,2026-02-06 23:38:32.825+00,50
10478,2026-02-07 00:01:06.605+00,75
9204,2026-02-07 00:59:46.812+00,50
10478,2026-02-07 03:05:11.949+00,50
10484,2026-02-07 04:00:41.637+00,75
8540,2026-02-07 17:03:17.435+00,50
8540,2026-02-07 17:07:51.733+00,50
6542,2026-02-07 21:36:05.475+00,50
1780,2026-02-08 13:46:13.921+00,50
10499,2026-02-08 14:48:01.374+00,75
10504,2026-02-09 00:50:30.755+00,75
8342,2026-02-09 15:08:49.324+00,50
9642,2026-02-09 15:28:57.862+00,50
10534,2026-02-09 15:43:39.065+00,50
10125,2026-02-09 15:55:00.93+00,50
10542,2026-02-09 16:30:02.59+00,75
10543,2026-02-09 17:09:56.12+00,50
10551,2026-02-09 19:14:42.035+00,50
10554,2026-02-09 20:59:12.531+00,50
10555,2026-02-09 22:19:50.61+00,50
7309,2026-02-10 00:48:18.596+00,50
4038,2026-02-10 00:51:24.532+00,50
10556,2026-02-10 01:02:41.279+00,50
6354,2026-02-11 12:14:53.205+00,50
6354,2026-02-11 12:15:17.688+00,50
6502,2026-02-12 14:25:42.334+00,50
7121,2026-02-12 15:47:16.168+00,100
9964,2026-02-13 19:50:24.726+00,50
10604,2026-02-15 14:36:52.509+00,100
10615,2026-02-16 22:45:44.669+00,50
10618,2026-02-17 15:20:29.418+00,50
10634,2026-02-18 17:14:05.221+00,50
10635,2026-02-18 17:22:13.596+00,75
10636,2026-02-18 17:30:33.095+00,50
10488,2026-02-19 22:38:41.602+00,100
10670,2026-02-19 22:45:01.953+00,75
10425,2026-02-21 19:19:46.765+00,50
9982,2026-02-22 03:19:37.84+00,50
10691,2026-02-22 17:51:55.138+00,50
10326,2026-02-22 20:41:40.387+00,50
10716,2026-02-24 01:39:07.527+00,75
10734,2026-02-24 16:59:00.578+00,50
10734,2026-02-24 16:59:25.703+00,75
10672,2026-02-24 22:46:15.774+00,50
11050,2026-02-25 15:36:59.199+00,50
11051,2026-02-25 16:27:08.129+00,75
11060,2026-02-25 22:28:21.418+00,50
11062,2026-02-26 02:13:58.748+00,50
10734,2026-02-26 15:17:47.798+00,50
11067,2026-02-26 16:05:23.664+00,50
9825,2026-02-26 17:18:38.101+00,50
10858,2026-02-27 12:51:52.571+00,50
11011,2026-02-27 13:39:48.927+00,50
10704,2026-02-27 14:12:25.167+00,50
11080,2026-02-27 14:36:52.736+00,50
7384,2026-02-27 17:48:42.04+00,75
11086,2026-02-27 19:44:01.996+00,50
10976,2026-02-27 22:09:59.246+00,50
10713,2026-02-28 02:26:00.953+00,50
10047,2026-02-28 16:20:08.32+00,50
10867,2026-02-28 17:18:07.764+00,50
11089,2026-02-28 22:29:36.622+00,75
11090,2026-02-28 23:31:41.427+00,50
5718,2026-03-01 04:21:29.949+00,75
11095,2026-03-01 18:11:28.539+00,50
11102,2026-03-02 15:13:45.353+00,100
11112,2026-03-04 13:01:37.293+00,50
1618,2026-03-04 16:53:39.869+00,50
10672,2026-03-04 19:57:58.42+00,50
11138,2026-03-05 11:19:53.64+00,50
11144,2026-03-05 14:46:44.478+00,50
11152,2026-03-05 21:50:49.477+00,50
11154,2026-03-05 23:28:38.592+00,50
11156,2026-03-06 17:29:40.691+00,50
11157,2026-03-06 18:38:06.741+00,50
11166,2026-03-07 16:34:42.685+00,50
11169,2026-03-08 17:24:20.062+00,50
10312,2026-03-09 18:42:55.379+00,50
11177,2026-03-10 00:43:19.329+00,50
9597,2026-03-10 19:14:36.793+00,50
9597,2026-03-10 19:14:44.672+00,50
9950,2026-03-12 15:38:45.343+00,50
11191,2026-03-12 16:08:25.055+00,50
11187,2026-03-12 23:27:05.299+00,75
11193,2026-03-13 15:57:04.799+00,75
11197,2026-03-13 19:04:39.679+00,50
11199,2026-03-14 17:44:58.91+00,50
5733,2026-03-14 19:12:56.577+00,50
11202,2026-03-14 22:22:29.652+00,50
11203,2026-03-15 16:26:28.873+00,75
11204,2026-03-15 16:35:53.488+00,50
3411,2026-03-15 18:44:00.33+00,50
11228,2026-03-18 04:11:13.784+00,50
10937,2026-03-19 11:12:03.913+00,50
10393,2026-03-19 20:50:11.15+00,50
11247,2026-03-20 03:29:32.057+00,50
11248,2026-03-20 13:21:09.711+00,50
11251,2026-03-20 16:54:05.296+00,50
11257,2026-03-21 06:16:58.662+00,50
11245,2026-03-22 21:05:32.799+00,75
11270,2026-03-23 13:41:54.15+00,75
11278,2026-03-23 18:45:16.507+00,50
11297,2026-03-24 15:35:55.893+00,50
11308,2026-03-25 12:56:53.102+00,50
11314,2026-03-25 16:13:09.019+00,50
11316,2026-03-25 22:07:43.951+00,50
11340,2026-03-28 20:44:46.393+00,50
11344,2026-03-29 12:03:48.082+00,50
11341,2026-03-29 16:00:28.028+00,50
11349,2026-03-29 20:03:50.474+00,50
11358,2026-03-30 16:53:14.565+00,50
11360,2026-03-30 20:21:27.288+00,50
8550,2026-03-31 16:22:43.192+00,50
10810,2026-03-31 23:17:42.717+00,75
11370,2026-04-01 13:17:26.101+00,50
10704,2026-04-01 15:11:59.135+00,50
7520,2026-04-02 13:25:35.253+00,50
11386,2026-04-02 17:49:26.122+00,50
6962,2026-04-02 20:12:46.713+00,50
6962,2026-04-02 20:14:01.348+00,75
6962,2026-04-02 20:14:18.479+00,50
11392,2026-04-03 01:54:09.231+00,50
11394,2026-04-03 12:54:07.544+00,50
10077,2026-04-04 19:58:01.102+00,75
11409,2026-04-05 16:10:07.67+00,50
11408,2026-04-05 16:10:26.779+00,50
11425,2026-04-06 18:26:00.377+00,75
11429,2026-04-06 23:13:47.639+00,75
11412,2026-04-07 15:48:05.802+00,75
7613,2026-04-09 04:12:22.398+00,50
11451,2026-04-09 22:01:54.965+00,100
11456,2026-04-10 00:13:46.732+00,100
11458,2026-04-10 15:00:11.577+00,50
11463,2026-04-10 16:31:02.988+00,100
11481,2026-04-11 18:45:40.557+00,50
11498,2026-04-12 15:47:26.084+00,50
9473,2026-04-12 15:49:20.504+00,50
11499,2026-04-12 15:54:11.738+00,50
11500,2026-04-12 15:55:53.945+00,75
11501,2026-04-12 16:10:07.931+00,75
11502,2026-04-12 16:22:12.341+00,75
11503,2026-04-12 16:47:08.734+00,50
11504,2026-04-12 16:52:53.63+00,75
11505,2026-04-12 17:03:55.12+00,75
11506,2026-04-12 17:07:55.537+00,75
11507,2026-04-12 17:19:49.713+00,50
11508,2026-04-12 17:21:42.379+00,50
10326,2026-04-12 18:38:49.433+00,75
2563,2026-04-12 18:59:44.85+00,50
11493,2026-04-13 13:21:48.167+00,30
11515,2026-04-13 13:24:51.92+00,50
11516,2026-04-13 13:44:29.552+00,50
11517,2026-04-13 14:02:37.159+00,50
11518,2026-04-13 14:04:09.928+00,50
11518,2026-04-13 14:04:16.111+00,30
11451,2026-04-13 14:04:20.917+00,30
11451,2026-04-13 14:04:30.771+00,20
11519,2026-04-13 14:07:06.877+00,50
11519,2026-04-13 14:07:14.001+00,30
11521,2026-04-13 14:23:37.423+00,30
11522,2026-04-13 14:29:20.566+00,50
11478,2026-04-13 14:32:54.177+00,50
11523,2026-04-13 14:35:21.901+00,75
11525,2026-04-13 14:40:01.035+00,30
11523,2026-04-13 14:40:44.602+00,50
11526,2026-04-13 14:42:24.642+00,75
11527,2026-04-13 14:44:15.885+00,75
11529,2026-04-13 14:54:51.834+00,75
11530,2026-04-13 14:58:35.597+00,50
11524,2026-04-13 15:06:16.194+00,50
11531,2026-04-13 15:08:15.164+00,30
11532,2026-04-13 15:13:04.492+00,75
11521,2026-04-13 17:05:34.615+00,100
11521,2026-04-13 17:07:21.822+00,75
11538,2026-04-13 22:25:08.436+00,100
11556,2026-04-14 13:34:10.266+00,75
11557,2026-04-14 13:35:12.209+00,75
11559,2026-04-14 13:37:50.137+00,50
11560,2026-04-14 13:42:18.412+00,75
11486,2026-04-14 13:46:03.395+00,50
11538,2026-04-14 13:51:11.392+00,75
11488,2026-04-14 14:01:56.159+00,30
11561,2026-04-14 14:02:22.908+00,75
11562,2026-04-14 14:03:28.137+00,75
11563,2026-04-14 14:07:07.37+00,20
11564,2026-04-14 14:11:40.111+00,75
11565,2026-04-14 14:19:54.4+00,30
11528,2026-04-14 14:44:49.7+00,50
11567,2026-04-14 14:46:41.626+00,75
11568,2026-04-14 14:52:48.834+00,75
11568,2026-04-14 14:53:32.841+00,50
11569,2026-04-14 14:55:43.982+00,30
11531,2026-04-14 16:02:13.848+00,75
11531,2026-04-14 16:02:25.55+00,50
11575,2026-04-14 19:52:19.799+00,50
11577,2026-04-14 22:59:14.929+00,75
11449,2026-04-15 12:45:02.287+00,20
11586,2026-04-15 13:30:12.83+00,50
11587,2026-04-15 13:36:35.86+00,50
11588,2026-04-15 13:38:12.905+00,50
9876,2026-04-15 13:44:18.389+00,20
11589,2026-04-15 13:53:54.949+00,50
11590,2026-04-15 14:02:21.263+00,75
9975,2026-04-15 14:02:49.658+00,50
11591,2026-04-15 14:09:33.652+00,75
11592,2026-04-15 14:20:40.235+00,75
9922,2026-04-15 14:28:01.641+00,75
11594,2026-04-15 14:32:53.332+00,30
7931,2026-04-15 14:48:46.5+00,75
11405,2026-04-15 14:49:49.42+00,75
8028,2026-04-15 15:01:21.034+00,30
8682,2026-04-15 15:10:42.825+00,50
11596,2026-04-15 15:25:40.028+00,75
11597,2026-04-15 15:34:20.208+00,50
9615,2026-04-16 13:26:33.682+00,30
11605,2026-04-16 13:42:21.003+00,75
7867,2026-04-16 13:59:23.588+00,30
11331,2026-04-16 14:02:13.289+00,50
11608,2026-04-16 14:09:33.594+00,50
11609,2026-04-16 14:24:30.225+00,50
11610,2026-04-16 14:30:25.805+00,50
11611,2026-04-16 14:30:31.259+00,30
11612,2026-04-16 14:36:33.142+00,75
9938,2026-04-16 15:00:14.855+00,30
8932,2026-04-16 15:09:06.006+00,30
9598,2026-04-16 15:15:07.318+00,30
9615,2026-04-16 15:18:32.263+00,75
9922,2026-04-16 23:09:21.235+00,50
9615,2026-04-17 02:56:17.87+00,50
11285,2026-04-17 13:17:55.704+00,20
11617,2026-04-17 13:25:58.046+00,75
11368,2026-04-17 13:28:26.062+00,20
9781,2026-04-17 13:46:03.959+00,20
11618,2026-04-17 13:58:28.277+00,30
11619,2026-04-17 14:36:54.083+00,30
7361,2026-04-18 14:53:41.492+00,75
11619,2026-04-19 01:00:07.589+00,50
11625,2026-04-19 02:22:40.07+00,50
7808,2026-04-19 10:52:44.064+00,75
11638,2026-04-19 19:22:43.593+00,50
11645,2026-04-19 20:25:11.59+00,75
11111,2026-04-19 21:04:43.931+00,75
3127,2026-04-20 15:39:58.229+00,75
8144,2026-04-21 21:35:50.677+00,50
11405,2026-04-23 12:55:23.161+00,75
10137,2026-04-23 12:57:02.232+00,30
11375,2026-04-23 12:58:30.045+00,30
11264,2026-04-23 13:13:51.181+00,75
11276,2026-04-23 13:17:35.868+00,50
11283,2026-04-23 13:22:55.766+00,50
11246,2026-04-23 13:23:34.098+00,75
7678,2026-04-23 13:32:07.929+00,30
11205,2026-04-23 13:36:08.129+00,30
10351,2026-04-23 14:08:23.414+00,30
10351,2026-04-23 14:10:01.577+00,75
10351,2026-04-23 14:10:38.287+00,50
11542,2026-04-23 14:12:04.414+00,50
11323,2026-04-23 14:24:28.769+00,75
10937,2026-04-23 15:01:03.735+00,50
11673,2026-04-23 15:14:26.472+00,30
11630,2026-04-23 15:16:52.51+00,75
8240,2026-04-23 15:18:53.306+00,50
9318,2026-04-23 15:21:25.347+00,50
6676,2026-04-23 15:22:04.507+00,50
7880,2026-04-23 15:22:19.294+00,50
11375,2026-04-23 15:24:41.46+00,75
11066,2026-04-23 15:25:51.547+00,75
11674,2026-04-23 15:26:53.76+00,50
11676,2026-04-23 15:28:08.72+00,75
11676,2026-04-23 15:29:01.854+00,30
11675,2026-04-23 15:29:35.043+00,75
9522,2026-04-23 15:31:15.286+00,30
11678,2026-04-23 15:31:38.179+00,75
11677,2026-04-23 15:31:40.681+00,50
11096,2026-04-23 15:35:20.148+00,30
11679,2026-04-23 15:42:37.09+00,30
11281,2026-04-23 15:43:34.313+00,75
11679,2026-04-23 15:43:48.711+00,50
11663,2026-04-23 15:44:18.053+00,50
11680,2026-04-23 15:54:29.625+00,50
9525,2026-04-23 15:57:06.575+00,75
11425,2026-04-23 15:57:37.617+00,30
11509,2026-04-23 16:13:01.524+00,50
11509,2026-04-23 16:13:21.003+00,30
9171,2026-04-23 16:14:13.546+00,75
8144,2026-04-23 16:16:43.35+00,75
11683,2026-04-23 16:20:01.444+00,30
9688,2026-04-23 16:29:35.677+00,50
11687,2026-04-23 16:37:55.721+00,30
7113,2026-04-23 16:44:43.388+00,30
8329,2026-04-23 17:04:58.781+00,50
8320,2026-04-23 17:05:45.215+00,50
8342,2026-04-23 17:13:50.547+00,50
8342,2026-04-23 17:16:06.324+00,30
11690,2026-04-23 17:20:00.906+00,50
10503,2026-04-23 17:23:03.674+00,50
11688,2026-04-23 17:38:59.579+00,50
10887,2026-04-23 17:39:48.898+00,30
11675,2026-04-23 18:08:08.1+00,30
11675,2026-04-23 18:13:37.197+00,50
11227,2026-04-23 18:36:49.716+00,50
11675,2026-04-23 18:42:51.737+00,50
6390,2026-04-23 18:48:12.063+00,30
7384,2026-04-23 18:48:30.031+00,75
6390,2026-04-23 18:48:49.077+00,50
9982,2026-04-23 19:06:57.378+00,50
11541,2026-04-23 19:13:49.697+00,50
8342,2026-04-23 19:52:58.156+00,75
9794,2026-04-23 20:38:18.912+00,30
9970,2026-04-23 21:05:37.573+00,30
9974,2026-04-23 21:10:00.504+00,50
9688,2026-04-23 21:14:21.924+00,30
11694,2026-04-23 23:29:24.858+00,30
11696,2026-04-24 00:07:26.268+00,50
11264,2026-04-24 02:10:28.678+00,50
11697,2026-04-24 02:11:22.923+00,30
11688,2026-04-24 02:11:41.417+00,30
11568,2026-04-24 02:31:50.973+00,50
8400,2026-04-24 07:14:26.273+00,30
11699,2026-04-24 09:43:38.156+00,75
8543,2026-04-24 12:06:27.769+00,75
11598,2026-04-24 13:03:21.749+00,75
11664,2026-04-24 13:44:05.296+00,75
11664,2026-04-24 13:45:03.838+00,30
11375,2026-04-24 14:27:24.987+00,50
7062,2026-04-24 15:10:52.079+00,75
1348,2026-04-24 15:35:31.698+00,75
6112,2026-04-24 15:35:53.989+00,50
11193,2026-04-24 15:37:22.443+00,30
11704,2026-04-24 15:41:37.548+00,50
9376,2026-04-24 15:42:17.523+00,30
11706,2026-04-24 15:42:21.091+00,75
11707,2026-04-24 15:44:33.195+00,50
11708,2026-04-24 15:50:30.503+00,50
11709,2026-04-24 15:53:30.237+00,50
11708,2026-04-24 15:53:44.665+00,30
1146,2026-04-24 15:56:02.693+00,50
3902,2026-04-24 15:59:38.765+00,50
7250,2026-04-24 16:04:39.96+00,30
6256,2026-04-24 16:12:54.619+00,50
10726,2026-04-24 16:13:38.913+00,30
1195,2026-04-24 16:28:35.891+00,50
2806,2026-04-24 17:07:05.981+00,30
10628,2026-04-24 17:47:12.904+00,30
11713,2026-04-24 18:57:58.941+00,50
8686,2026-04-24 19:03:47.925+00,30
9816,2026-04-24 19:19:56.196+00,30
9868,2026-04-24 19:49:21.697+00,30
7593,2026-04-24 19:55:48.696+00,75
11718,2026-04-24 20:17:09.534+00,75
8027,2026-04-24 21:01:19.861+00,30
5421,2026-04-24 21:04:11.074+00,30
11342,2026-04-24 21:04:51.823+00,50
11316,2026-04-24 21:05:00.492+00,75
11058,2026-04-24 21:05:05.249+00,75
11557,2026-04-24 21:05:12.419+00,75
8221,2026-04-24 21:05:27.154+00,50
9615,2026-04-24 21:05:34.795+00,30
11195,2026-04-24 21:05:36.223+00,75
9926,2026-04-24 21:05:46.798+00,30
9378,2026-04-24 21:06:00.638+00,50
10707,2026-04-24 21:06:49.474+00,30
9174,2026-04-24 21:07:01.956+00,50
10714,2026-04-24 21:07:02.374+00,30
3076,2026-04-24 21:08:17.673+00,30
11616,2026-04-24 21:12:23.788+00,30
7487,2026-04-24 21:13:19.194+00,75
11210,2026-04-24 21:15:25.198+00,75
11154,2026-04-24 21:16:20.014+00,30
11154,2026-04-24 21:19:03.309+00,50
9674,2026-04-24 21:20:34.269+00,30
11154,2026-04-24 21:21:34.357+00,75
10721,2026-04-24 21:22:46.162+00,30
7505,2026-04-24 21:26:16.885+00,75
11614,2026-04-24 21:27:19.296+00,50
11720,2026-04-24 21:30:17.183+00,75
11484,2026-04-24 21:32:52.61+00,30
9615,2026-04-24 21:39:02.887+00,50
10013,2026-04-24 21:40:04.299+00,75
11721,2026-04-24 21:41:59.583+00,50
11011,2026-04-24 21:42:42.156+00,50
11722,2026-04-24 21:44:35.056+00,50
9615,2026-04-24 21:44:42.552+00,20
9615,2026-04-24 21:53:52.889+00,75
11399,2026-04-24 21:55:40.319+00,75
5602,2026-04-24 21:58:15.707+00,30
5602,2026-04-24 21:59:15.427+00,50
11724,2026-04-24 22:01:54.862+00,50
10226,2026-04-24 22:06:40.442+00,75
10744,2026-04-24 22:07:41.211+00,30
7768,2026-04-24 22:18:17.4+00,75
11177,2026-04-24 22:18:36.995+00,30
5372,2026-04-24 22:21:55.469+00,75
11364,2026-04-24 22:32:55.892+00,50
7445,2026-04-24 22:33:48.073+00,30
11725,2026-04-24 22:39:04.233+00,50
11340,2026-04-24 22:48:29.995+00,75
1348,2026-04-24 22:51:03.334+00,50
10210,2026-04-24 22:58:43.172+00,75
5410,2026-04-24 23:07:42.431+00,50
9289,2026-04-24 23:11:48.405+00,50
9289,2026-04-24 23:12:08.187+00,30
11478,2026-04-24 23:19:41.874+00,30
11611,2026-04-24 23:38:29.257+00,75
11611,2026-04-24 23:41:47.513+00,30
10832,2026-04-24 23:46:00.422+00,75
11463,2026-04-25 00:07:54.683+00,50
11483,2026-04-25 00:37:46.367+00,30
11106,2026-04-25 01:01:14.859+00,30
9193,2026-04-25 01:04:40.386+00,30
11728,2026-04-25 01:38:44.053+00,30
11409,2026-04-25 02:00:31.532+00,50
6523,2026-04-25 02:38:05.403+00,30
10581,2026-04-25 03:36:52.589+00,30
11730,2026-04-25 11:26:19.073+00,50
11732,2026-04-25 12:52:45.68+00,75
11733,2026-04-25 13:45:04.866+00,75
7760,2026-04-25 14:28:37.64+00,50
10445,2026-04-25 15:07:01.433+00,50
9532,2026-04-25 15:34:08.869+00,75
11736,2026-04-25 20:02:51.833+00,50
11737,2026-04-25 20:33:37.185+00,30
8203,2026-04-25 21:35:21.46+00,30
8995,2026-04-26 02:10:56.325+00,50
11742,2026-04-26 03:09:24.936+00,50
11742,2026-04-26 03:10:03.857+00,75
11654,2026-04-26 12:04:48.242+00,30
9746,2026-04-26 21:56:52.561+00,75
9746,2026-04-26 21:56:58.154+00,30
9746,2026-04-26 21:57:07.937+00,50
9746,2026-04-26 21:58:16.717+00,30
9746,2026-04-26 21:59:51.472+00,75
11751,2026-04-26 22:35:43.752+00,30
11049,2026-04-26 22:55:19.612+00,30
7270,2026-04-26 23:31:21.588+00,75
11478,2026-04-27 00:21:09.333+00,50
9525,2026-04-27 01:46:10.871+00,50
9525,2026-04-27 01:47:20.077+00,30
7106,2026-04-27 04:08:20.746+00,30
11758,2026-04-27 11:58:05.457+00,30
7614,2026-04-27 13:13:47.154+00,50
9399,2026-04-27 13:14:34.658+00,50
1165,2026-04-27 13:50:52.386+00,30
9706,2026-04-27 14:06:01.774+00,75
11762,2026-04-27 14:13:23.647+00,50
1450,2026-04-27 14:13:44.197+00,30
1059,2026-04-27 15:34:42.822+00,30
9706,2026-04-27 15:52:34.495+00,50
9654,2026-04-27 16:54:36.445+00,75
6529,2026-04-27 21:01:02.559+00,50
11767,2026-04-27 21:55:20.76+00,50
11768,2026-04-27 22:11:11.651+00,50
11720,2026-04-27 22:14:17.088+00,30
2938,2026-04-27 23:09:04.548+00,75
2938,2026-04-27 23:09:48.632+00,50
2182,2026-04-28 00:23:03.221+00,30
10108,2026-04-28 01:47:18.768+00,50
7672,2026-04-28 02:09:54.169+00,30
11294,2026-04-28 03:00:24.981+00,30
6997,2026-04-28 03:41:56.322+00,30
6997,2026-04-28 03:44:24.14+00,50
11769,2026-04-28 03:49:06.237+00,50
10210,2026-04-28 16:20:28.736+00,50
11773,2026-04-28 18:18:22.676+00,50
11773,2026-04-28 18:18:57.763+00,30
10704,2026-04-29 00:39:16.632+00,75
6717,2026-04-29 02:04:50.22+00,50
11778,2026-04-29 02:05:37.898+00,75
8080,2026-04-29 12:03:07.18+00,30
9891,2026-04-29 12:27:26.203+00,50
10499,2026-04-29 12:28:13.085+00,50
10166,2026-04-29 13:28:27.092+00,50
11781,2026-04-29 15:02:12.744+00,50
7808,2026-04-30 01:03:46.388+00,75
9891,2026-04-30 01:43:28.419+00,75
10499,2026-04-30 02:14:34.497+00,75
10810,2026-04-30 02:16:58.799+00,50
10810,2026-04-30 02:17:09.368+00,75
11431,2026-04-30 11:33:35.822+00,30
11786,2026-04-30 12:52:31.688+00,50
8392,2026-04-30 13:35:00.909+00,30
11474,2026-04-30 15:42:20.556+00,50
11474,2026-04-30 15:43:19.722+00,30
6755,2026-05-01 00:35:47.813+00,75
11793,2026-05-01 01:27:22.585+00,50
11794,2026-05-01 04:17:46.874+00,50
8551,2026-05-02 16:41:24.543+00,30
11813,2026-05-02 21:39:57.323+00,50
8892,2026-05-03 02:13:20.601+00,30
11818,2026-05-03 12:15:23.615+00,50
11819,2026-05-03 12:18:56.372+00,50
11820,2026-05-03 14:17:43.785+00,30
11822,2026-05-03 16:18:44.166+00,50
6819,2026-05-03 21:46:37.816+00,75
11607,2026-05-03 21:50:51.589+00,75
10672,2026-05-04 14:24:41.241+00,75
11828,2026-05-04 18:16:51.364+00,50
11780,2026-05-04 19:16:47.031+00,50
11829,2026-05-04 23:34:05.744+00,50
11830,2026-05-05 02:34:00.762+00,50
11830,2026-05-05 02:35:54.95+00,75
11834,2026-05-05 20:40:11.163+00,50
9612,2026-05-06 00:11:05.12+00,50
11836,2026-05-06 01:51:49.2+00,50
11837,2026-05-06 02:43:45.965+00,50
11850,2026-05-06 21:22:54.485+00,50
11859,2026-05-07 16:22:09.95+00,50
11865,2026-05-08 02:47:11.493+00,50
8804,2026-05-08 11:17:17.141+00,30
11872,2026-05-08 15:52:55.814+00,50
11873,2026-05-08 16:22:28.414+00,50
10125,2026-05-10 14:22:32.848+00,10
11891,2026-05-10 14:38:00.976+00,10
11892,2026-05-10 15:07:21.668+00,20
11893,2026-05-10 15:31:19.446+00,30
11894,2026-05-10 16:01:15.066+00,50
10270,2026-05-10 17:28:33.131+00,20
9247,2026-05-10 17:30:35.977+00,20
9188,2026-05-11 04:00:30.062+00,50
1477,2026-05-12 05:35:04.944+00,100
11934,2026-05-14 18:06:56.661+00,50
11952,2026-05-17 23:00:10.612+00,50
11523,2026-05-18 03:19:52.716+00,30
11954,2026-05-18 14:16:29.297+00,30
11963,2026-05-19 02:22:24.217+00,75
11967,2026-05-19 14:38:05.669+00,50
10810,2026-05-19 21:31:01.032+00,75
11968,2026-05-20 00:18:59.855+00,50
11971,2026-05-21 02:29:35.856+00,50
11983,2026-05-22 23:12:14.132+00,75
10058,2026-05-23 03:15:08.475+00,30
7007,2026-05-23 15:22:36.017+00,30
11991,2026-05-24 15:59:51.792+00,50
7011,2026-05-25 20:05:47.377+00,75
11997,2026-05-25 20:57:38.107+00,50
11600,2026-05-26 11:39:31.156+00,75
12005,2026-05-26 14:58:13.098+00,50
6529,2026-05-27 01:29:33.255+00,30
12014,2026-05-27 17:24:40.169+00,50
12013,2026-05-27 17:32:10.804+00,75
12018,2026-05-28 14:41:56.593+00,50
12019,2026-05-28 16:33:42.265+00,50
12021,2026-05-28 22:09:00.292+00,50
12027,2026-05-29 17:36:13.333+00,50
12031,2026-05-30 04:55:21.481+00,50
12036,2026-05-30 19:54:39.853+00,50
12043,2026-05-31 21:14:25.243+00,50
12046,2026-06-01 10:27:35.791+00,50
12049,2026-06-01 15:56:49.058+00,50
12051,2026-06-02 12:28:34.192+00,50
10052,2026-06-02 19:21:28.994+00,75
8960,2026-06-03 11:14:02.607+00,75
12054,2026-06-03 15:45:11.101+00,50
12056,2026-06-03 22:32:24.391+00,75
10829,2026-06-03 23:39:45.888+00,75
12065,2026-06-06 02:54:09.485+00,50
12067,2026-06-06 23:20:16.254+00,50
12070,2026-06-07 06:19:28.437+00,75
12075,2026-06-07 19:14:32.674+00,75
12077,2026-06-08 22:50:38.362+00,50
12078,2026-06-09 00:41:30.997+00,50
12080,2026-06-10 01:34:21.397+00,75
12085,2026-06-10 17:37:44.584+00,50
12086,2026-06-10 17:50:27.38+00,50
12095,2026-06-11 16:06:30.217+00,50
12103,2026-06-12 15:04:06.409+00,50
12113,2026-06-14 21:36:05.707+00,50
12114,2026-06-14 21:43:46.454+00,50
12115,2026-06-15 06:07:08.38+00,50
12009,2026-06-16 01:13:46.057+00,75
6683,2026-06-16 02:51:53.398+00,75
11121,2026-06-16 19:59:40.96+00,30
12130,2026-06-18 02:18:20.474+00,50
12132,2026-06-18 03:48:37.402+00,50
10499,2026-06-19 02:26:35.599+00,75
12148,2026-06-21 15:41:37.167+00,50
12153,2026-06-21 20:14:02.236+00,50
12155,2026-06-22 00:25:55.923+00,50
11096,2026-06-22 01:32:37.178+00,50
12159,2026-06-23 07:55:34.237+00,50
11485,2026-06-29 14:11:54.785+00,50
