ApartmentId,StartDate,EndDate,PromotionType,PromotionValue
506,2023-12-27,2051-05-14,percentage,36.35
65,2023-08-06,2026-08-06,fixed,15.8
96,2023-08-06,2026-08-06,fixed,15.8
170,2023-08-06,2026-08-06,fixed,15.8
185,2023-08-06,2026-08-06,fixed,15.8
6205,2025-08-27,2030-01-01,fixed,13
296,2023-09-10,2026-07-21,percentage,36
261,2023-09-04,2026-07-21,percentage,100
262,2023-09-04,2026-07-21,percentage,100
264,2023-09-04,2026-07-21,percentage,36.35
265,2023-09-04,2026-07-21,percentage,25
266,2023-09-04,2026-07-21,percentage,25
267,2023-09-04,2026-07-21,percentage,25
271,2023-09-05,2026-07-21,percentage,25
289,2023-09-07,2026-07-21,percentage,100
289,2023-09-07,2026-07-21,percentage,25
291,2023-09-07,2026-07-21,percentage,36
261,2023-09-04,2026-07-21,percentage,44.5
300,2023-09-11,2026-07-21,percentage,25
308,2023-09-12,2026-07-21,percentage,36
318,2023-09-13,2026-07-21,percentage,25
319,2023-09-13,2026-07-21,percentage,25
323,2023-09-17,2026-07-21,percentage,36
332,2023-09-20,2026-07-21,percentage,36.35
332,2023-09-20,2026-07-21,percentage,100
341,2023-09-27,2026-07-21,percentage,36
351,2023-10-03,2026-07-21,percentage,36
354,2023-10-09,2026-07-21,percentage,36
360,2023-10-11,2026-07-21,percentage,36
362,2023-10-15,2026-07-21,percentage,36
367,2023-10-19,2026-07-21,percentage,25
371,2023-10-25,2026-07-21,percentage,25
373,2023-10-26,2026-07-21,percentage,36
561,2024-01-21,2051-06-08,percentage,36.35
384,2023-10-31,2026-07-21,percentage,100
385,2023-11-03,2026-07-21,percentage,49
285,2023-11-07,2026-07-21,percentage,36.35
393,2023-11-08,2026-07-21,percentage,12
284,2023-11-19,2026-07-21,percentage,44.5
432,2023-12-05,2051-04-22,percentage,15
562,2024-01-21,2051-06-08,percentage,36.35
508,2023-12-27,2051-05-14,percentage,36.35
403,2023-11-21,2051-04-08,percentage,44.5
566,2024-01-23,2051-06-10,percentage,36.35
577,2024-01-24,2051-06-11,percentage,36.35
11393,2026-05-13,2026-08-11,percentage,5
422,2023-12-01,2051-04-18,percentage,49
424,2023-12-01,2051-04-18,percentage,49
11393,2026-05-13,2026-08-11,percentage,5
583,2024-01-24,2051-06-11,percentage,15
425,2023-12-03,2051-04-20,percentage,36.35
427,2023-12-04,2051-04-21,percentage,15
370,2023-12-05,2051-04-22,percentage,15
448,2023-12-09,2051-04-26,percentage,15
508,2023-12-31,2051-05-18,percentage,36.35
462,2023-12-13,2051-04-30,percentage,36.35
454,2023-12-14,2051-05-01,percentage,36
467,2023-12-15,2051-05-02,percentage,15
469,2023-12-16,2051-05-03,percentage,15
567,2024-01-23,2051-06-10,percentage,36.35
437,2023-12-19,2051-05-06,percentage,36
390,2023-12-31,2051-05-18,percentage,44.5
487,2023-12-20,2051-05-07,percentage,36
381,2024-01-25,2051-06-12,percentage,36.35
345,2023-12-25,2051-05-12,percentage,36.35
3073,2025-04-14,2030-01-01,fixed,13
529,2024-01-10,2051-05-28,percentage,44.5
543,2024-01-14,2051-06-01,percentage,15
586,2024-01-29,2051-06-16,percentage,15
618,2024-02-02,2051-06-20,percentage,15
11822,2026-05-14,2026-08-12,percentage,5
11931,2026-05-14,2026-08-12,percentage,5
11931,2026-05-14,2026-08-12,percentage,5
1686,2026-04-28,2026-07-27,percentage,15
718,2024-02-26,2051-07-14,percentage,36.35
221,2026-05-14,2026-08-12,percentage,15
221,2026-05-14,2026-08-12,percentage,15
3719,2026-05-14,2026-08-12,percentage,15
640,2024-02-13,2051-07-01,percentage,36.35
4186,2026-04-25,2026-07-24,percentage,15
4186,2026-04-25,2026-07-24,percentage,15
11859,2026-05-15,2026-08-13,percentage,15
11945,2026-05-15,2026-08-13,percentage,5
11945,2026-05-15,2026-08-13,percentage,5
11807,2026-05-15,2026-08-13,percentage,5
11807,2026-05-15,2026-08-13,percentage,5
11795,2026-05-15,2026-08-13,percentage,15
9922,2026-05-15,2026-08-13,percentage,15
11873,2026-05-15,2026-08-13,percentage,5
694,2024-02-22,2051-07-10,percentage,15
9384,2025-11-22,2026-11-22,percentage,100
11320,2026-05-18,2026-08-16,percentage,5
11320,2026-05-18,2026-08-16,percentage,5
11797,2026-05-18,2026-08-16,percentage,5
11797,2026-05-18,2026-08-16,percentage,5
7846,2025-09-24,2026-09-24,percentage,100
596,2025-04-14,2030-01-01,fixed,13
635,2025-04-14,2030-01-01,fixed,13
563,2025-04-14,2030-01-01,fixed,13
1180,2025-04-14,2030-01-01,fixed,13
698,2025-04-14,2030-01-01,fixed,13
786,2025-04-14,2030-01-01,fixed,13
564,2025-04-14,2030-01-01,fixed,13
587,2025-04-14,2030-01-01,fixed,13
608,2025-04-14,2030-01-01,fixed,13
798,2025-04-14,2030-01-01,fixed,13
588,2025-04-14,2030-01-01,fixed,13
618,2025-04-14,2030-01-01,fixed,13
632,2025-04-14,2030-01-01,fixed,13
670,2025-04-14,2030-01-01,fixed,13
745,2025-04-14,2030-01-01,fixed,13
728,2025-04-14,2030-01-01,fixed,13
751,2025-04-14,2030-01-01,fixed,13
629,2025-04-14,2030-01-01,fixed,13
619,2025-04-14,2030-01-01,fixed,13
591,2025-04-14,2030-01-01,fixed,13
593,2025-04-14,2030-01-01,fixed,13
2289,2025-04-14,2030-01-01,fixed,13
609,2025-04-14,2030-01-01,fixed,13
809,2025-04-14,2030-01-01,fixed,13
579,2025-04-14,2030-01-01,fixed,13
2292,2025-04-14,2030-01-01,fixed,13
448,2025-04-14,2030-01-01,fixed,13
446,2025-04-14,2030-01-01,fixed,13
464,2025-04-14,2030-01-01,fixed,13
468,2025-04-14,2030-01-01,fixed,13
461,2025-04-14,2030-01-01,fixed,13
444,2025-04-14,2030-01-01,fixed,13
432,2025-04-14,2030-01-01,fixed,13
487,2025-04-14,2030-01-01,fixed,13
467,2025-04-14,2030-01-01,fixed,13
436,2025-04-14,2030-01-01,fixed,13
437,2025-04-14,2030-01-01,fixed,13
454,2025-04-14,2030-01-01,fixed,13
476,2025-04-14,2030-01-01,fixed,13
469,2025-04-14,2030-01-01,fixed,13
515,2025-04-14,2030-01-01,fixed,13
519,2025-04-14,2030-01-01,fixed,13
583,2025-04-14,2030-01-01,fixed,13
584,2025-04-14,2030-01-01,fixed,13
2326,2025-04-14,2030-01-01,fixed,13
527,2025-04-14,2030-01-01,fixed,13
536,2025-04-14,2030-01-01,fixed,13
543,2025-04-14,2030-01-01,fixed,13
590,2025-04-14,2030-01-01,fixed,13
620,2025-04-14,2030-01-01,fixed,13
532,2025-04-14,2030-01-01,fixed,13
705,2025-04-14,2030-01-01,fixed,13
694,2025-04-14,2030-01-01,fixed,13
585,2025-04-14,2030-01-01,fixed,13
709,2025-04-14,2030-01-01,fixed,13
776,2025-04-14,2030-01-01,fixed,13
603,2025-04-14,2030-01-01,fixed,13
617,2025-04-14,2030-01-01,fixed,13
534,2025-04-14,2030-01-01,fixed,13
538,2025-04-14,2030-01-01,fixed,13
791,2025-04-14,2030-01-01,fixed,13
2295,2025-04-14,2030-01-01,fixed,13
1252,2025-04-14,2030-01-01,fixed,13
1269,2025-04-14,2030-01-01,fixed,13
1189,2025-04-14,2030-01-01,fixed,13
1196,2025-04-14,2030-01-01,fixed,13
1216,2025-04-14,2030-01-01,fixed,13
1202,2025-04-14,2030-01-01,fixed,13
1228,2025-04-14,2030-01-01,fixed,13
1247,2025-04-14,2030-01-01,fixed,13
604,2025-04-14,2030-01-01,fixed,13
1264,2025-04-14,2030-01-01,fixed,13
2347,2025-04-14,2030-01-01,fixed,13
898,2025-04-14,2030-01-01,fixed,13
892,2025-04-14,2030-01-01,fixed,13
912,2025-04-14,2030-01-01,fixed,13
916,2025-04-14,2030-01-01,fixed,13
921,2025-04-14,2030-01-01,fixed,13
931,2025-04-14,2030-01-01,fixed,13
932,2025-04-14,2030-01-01,fixed,13
1155,2025-04-14,2030-01-01,fixed,13
923,2025-04-14,2030-01-01,fixed,13
1029,2025-04-14,2030-01-01,fixed,13
1034,2025-04-14,2030-01-01,fixed,13
1039,2025-04-14,2030-01-01,fixed,13
1042,2025-04-14,2030-01-01,fixed,13
1047,2025-04-14,2030-01-01,fixed,13
1054,2025-04-14,2030-01-01,fixed,13
1058,2025-04-14,2030-01-01,fixed,13
1063,2025-04-14,2030-01-01,fixed,13
1064,2025-04-14,2030-01-01,fixed,13
1069,2025-04-14,2030-01-01,fixed,13
1076,2025-04-14,2030-01-01,fixed,13
1093,2025-04-14,2030-01-01,fixed,13
1086,2025-04-14,2030-01-01,fixed,13
1095,2025-04-14,2030-01-01,fixed,13
11967,2026-05-19,2026-08-17,percentage,5
1099,2025-04-14,2030-01-01,fixed,13
1101,2025-04-14,2030-01-01,fixed,13
1081,2025-04-14,2030-01-01,fixed,13
1194,2025-04-14,2030-01-01,fixed,13
1199,2025-04-14,2030-01-01,fixed,13
1217,2025-04-14,2030-01-01,fixed,13
1226,2025-04-14,2030-01-01,fixed,13
1336,2025-04-14,2030-01-01,fixed,13
1303,2025-04-14,2030-01-01,fixed,13
1321,2025-04-14,2030-01-01,fixed,13
1334,2025-04-14,2030-01-01,fixed,13
1337,2025-04-14,2030-01-01,fixed,13
1335,2025-04-14,2030-01-01,fixed,13
1350,2025-04-14,2030-01-01,fixed,13
1352,2025-04-14,2030-01-01,fixed,13
1354,2025-04-14,2030-01-01,fixed,13
1365,2025-04-14,2030-01-01,fixed,13
1367,2025-04-14,2030-01-01,fixed,13
1368,2025-04-14,2030-01-01,fixed,13
1372,2025-04-14,2030-01-01,fixed,13
1373,2025-04-14,2030-01-01,fixed,13
1357,2025-04-14,2030-01-01,fixed,13
1374,2025-04-14,2030-01-01,fixed,13
1379,2025-04-14,2030-01-01,fixed,13
1383,2025-04-14,2030-01-01,fixed,13
1434,2025-04-14,2030-01-01,fixed,13
1473,2025-04-14,2030-01-01,fixed,13
1433,2025-04-14,2030-01-01,fixed,13
1483,2025-04-14,2030-01-01,fixed,13
1489,2025-04-14,2030-01-01,fixed,13
856,2025-04-14,2030-01-01,fixed,13
1539,2025-04-14,2030-01-01,fixed,13
1595,2025-04-14,2030-01-01,fixed,13
2329,2025-04-14,2030-01-01,fixed,13
2330,2025-04-14,2030-01-01,fixed,13
2355,2025-04-14,2030-01-01,fixed,13
1674,2025-04-14,2030-01-01,fixed,13
1692,2025-04-14,2030-01-01,fixed,13
1718,2025-04-14,2030-01-01,fixed,13
1712,2025-04-14,2030-01-01,fixed,13
1723,2025-04-14,2030-01-01,fixed,13
1742,2025-04-14,2030-01-01,fixed,13
1749,2025-04-14,2030-01-01,fixed,13
1768,2025-04-14,2030-01-01,fixed,13
1782,2025-04-14,2030-01-01,fixed,13
1582,2025-04-14,2030-01-01,fixed,13
1851,2025-04-14,2030-01-01,fixed,13
1907,2025-04-14,2030-01-01,fixed,13
1910,2025-04-14,2030-01-01,fixed,13
1938,2025-04-14,2030-01-01,fixed,13
1951,2025-04-14,2030-01-01,fixed,13
1959,2025-04-14,2030-01-01,fixed,13
1964,2025-04-14,2030-01-01,fixed,13
1961,2025-04-14,2030-01-01,fixed,13
2311,2025-04-14,2030-01-01,fixed,13
1987,2025-04-14,2030-01-01,fixed,13
1989,2025-04-14,2030-01-01,fixed,13
1994,2025-04-14,2030-01-01,fixed,13
2023,2025-04-14,2030-01-01,fixed,13
2027,2025-04-14,2030-01-01,fixed,13
2033,2025-04-14,2030-01-01,fixed,13
2039,2025-04-14,2030-01-01,fixed,13
2050,2025-04-14,2030-01-01,fixed,13
2025,2025-04-14,2030-01-01,fixed,13
2061,2025-04-14,2030-01-01,fixed,13
2095,2025-04-14,2030-01-01,fixed,13
2104,2025-04-14,2030-01-01,fixed,13
2194,2025-04-14,2030-01-01,fixed,13
2221,2025-04-14,2030-01-01,fixed,13
2264,2025-04-14,2030-01-01,fixed,13
2281,2025-04-14,2030-01-01,fixed,13
2324,2025-04-14,2030-01-01,fixed,13
2286,2025-04-14,2030-01-01,fixed,13
2344,2025-04-14,2030-01-01,fixed,13
2358,2025-04-14,2030-01-01,fixed,13
2407,2025-04-14,2030-01-01,fixed,13
2410,2025-04-14,2030-01-01,fixed,13
2427,2025-04-14,2030-01-01,fixed,13
2447,2025-04-14,2030-01-01,fixed,13
2455,2025-04-14,2030-01-01,fixed,13
2460,2025-04-14,2030-01-01,fixed,13
2449,2025-04-14,2030-01-01,fixed,13
2477,2025-04-14,2030-01-01,fixed,13
3869,2025-04-14,2030-01-01,fixed,13
2481,2025-04-14,2030-01-01,fixed,13
2490,2025-04-14,2030-01-01,fixed,13
2493,2025-04-14,2030-01-01,fixed,13
2503,2025-04-14,2030-01-01,fixed,13
8743,2025-10-15,2026-10-15,percentage,100
2505,2025-04-14,2030-01-01,fixed,13
2510,2025-04-14,2030-01-01,fixed,13
2519,2025-04-14,2030-01-01,fixed,13
2524,2025-04-14,2030-01-01,fixed,13
2532,2025-04-14,2030-01-01,fixed,13
2539,2025-04-14,2030-01-01,fixed,13
2543,2025-04-14,2030-01-01,fixed,13
3048,2025-04-14,2030-01-01,fixed,13
2548,2025-04-14,2030-01-01,fixed,13
2552,2025-04-14,2030-01-01,fixed,13
5236,2025-11-23,2026-11-23,percentage,100
2594,2025-04-14,2030-01-01,fixed,13
2595,2025-04-14,2030-01-01,fixed,13
2602,2025-04-14,2030-01-01,fixed,13
2608,2025-04-14,2030-01-01,fixed,13
2619,2025-04-14,2030-01-01,fixed,13
2620,2025-04-14,2030-01-01,fixed,13
2629,2025-04-14,2030-01-01,fixed,13
2622,2025-04-14,2030-01-01,fixed,13
8168,2026-05-19,2026-08-17,percentage,15
2641,2025-04-14,2030-01-01,fixed,13
2643,2025-04-14,2030-01-01,fixed,13
2646,2025-04-14,2030-01-01,fixed,13
2663,2025-04-14,2030-01-01,fixed,13
2651,2025-04-14,2030-01-01,fixed,13
2680,2025-04-14,2030-01-01,fixed,13
2684,2025-04-14,2030-01-01,fixed,13
2686,2025-04-14,2030-01-01,fixed,13
2681,2025-04-14,2030-01-01,fixed,13
2694,2025-04-14,2030-01-01,fixed,13
2695,2025-04-14,2030-01-01,fixed,13
2705,2025-04-14,2030-01-01,fixed,13
2706,2025-04-14,2030-01-01,fixed,13
2709,2025-04-14,2030-01-01,fixed,13
2713,2025-04-14,2030-01-01,fixed,13
2744,2025-04-14,2030-01-01,fixed,13
2748,2025-04-14,2030-01-01,fixed,13
2756,2025-04-14,2030-01-01,fixed,13
2774,2025-04-14,2030-01-01,fixed,13
8168,2026-05-19,2026-08-17,percentage,15
2892,2025-04-14,2030-01-01,fixed,13
2897,2025-04-14,2030-01-01,fixed,13
2914,2025-04-14,2030-01-01,fixed,13
2945,2025-04-14,2030-01-01,fixed,13
2949,2025-04-14,2030-01-01,fixed,13
2959,2025-04-14,2030-01-01,fixed,13
2965,2025-04-14,2030-01-01,fixed,13
3001,2025-04-14,2030-01-01,fixed,13
2999,2025-04-14,2030-01-01,fixed,13
3007,2025-04-14,2030-01-01,fixed,13
3018,2025-04-14,2030-01-01,fixed,13
3040,2025-04-14,2030-01-01,fixed,13
3054,2025-04-14,2030-01-01,fixed,13
3064,2025-04-14,2030-01-01,fixed,13
3070,2025-04-14,2030-01-01,fixed,13
3071,2025-04-14,2030-01-01,fixed,13
1353,2025-04-14,2030-01-01,fixed,13
3077,2025-04-14,2030-01-01,fixed,13
3079,2025-04-14,2030-01-01,fixed,13
648,2025-04-14,2030-01-01,fixed,13
3103,2025-04-14,2030-01-01,fixed,13
3113,2025-04-14,2030-01-01,fixed,13
3114,2025-04-14,2030-01-01,fixed,13
3115,2025-04-14,2030-01-01,fixed,13
3121,2025-04-14,2030-01-01,fixed,13
3132,2025-04-14,2030-01-01,fixed,13
3152,2025-04-14,2030-01-01,fixed,13
3181,2025-04-14,2030-01-01,fixed,13
3182,2025-04-14,2030-01-01,fixed,13
3540,2025-04-14,2030-01-01,fixed,13
3918,2025-04-14,2030-01-01,fixed,13
3543,2025-04-14,2030-01-01,fixed,13
3558,2025-04-14,2030-01-01,fixed,13
3616,2025-04-14,2030-01-01,fixed,13
3713,2025-04-14,2030-01-01,fixed,13
3718,2025-04-14,2030-01-01,fixed,13
3715,2025-04-14,2030-01-01,fixed,13
3896,2025-04-14,2030-01-01,fixed,13
1543,2025-04-14,2030-01-01,fixed,13
3943,2025-04-14,2030-01-01,fixed,13
3948,2025-04-14,2030-01-01,fixed,13
3981,2025-04-14,2030-01-01,fixed,13
3946,2025-04-14,2030-01-01,fixed,13
3963,2025-04-14,2030-01-01,fixed,13
3965,2025-04-14,2030-01-01,fixed,13
3136,2025-04-14,2030-01-01,fixed,13
2811,2025-04-14,2030-01-01,fixed,13
3970,2025-04-14,2030-01-01,fixed,13
3967,2025-04-14,2030-01-01,fixed,13
3968,2025-04-14,2030-01-01,fixed,13
3971,2025-04-14,2030-01-01,fixed,13
3974,2025-04-14,2030-01-01,fixed,13
3975,2025-04-14,2030-01-01,fixed,13
3976,2025-04-14,2030-01-01,fixed,13
3977,2025-04-14,2030-01-01,fixed,13
3978,2025-04-14,2030-01-01,fixed,13
3979,2025-04-14,2030-01-01,fixed,13
3980,2025-04-14,2030-01-01,fixed,13
3983,2025-04-14,2030-01-01,fixed,13
3988,2025-04-14,2030-01-01,fixed,13
3989,2025-04-14,2030-01-01,fixed,13
3990,2025-04-14,2030-01-01,fixed,13
3992,2025-04-14,2030-01-01,fixed,13
3994,2025-04-14,2030-01-01,fixed,13
3996,2025-04-14,2030-01-01,fixed,13
3997,2025-04-14,2030-01-01,fixed,13
3998,2025-04-14,2030-01-01,fixed,13
3999,2025-04-14,2030-01-01,fixed,13
4000,2025-04-14,2030-01-01,fixed,13
4001,2025-04-14,2030-01-01,fixed,13
4002,2025-04-14,2030-01-01,fixed,13
4004,2025-04-14,2030-01-01,fixed,13
4005,2025-04-14,2030-01-01,fixed,13
4006,2025-04-14,2030-01-01,fixed,13
4007,2025-04-14,2030-01-01,fixed,13
4008,2025-04-14,2030-01-01,fixed,13
4009,2025-04-14,2030-01-01,fixed,13
4010,2025-04-14,2030-01-01,fixed,13
4016,2025-04-14,2030-01-01,fixed,13
4019,2025-04-14,2030-01-01,fixed,13
4020,2025-04-14,2030-01-01,fixed,13
4021,2025-04-14,2030-01-01,fixed,13
4022,2025-04-14,2030-01-01,fixed,13
4023,2025-04-14,2030-01-01,fixed,13
4024,2025-04-14,2030-01-01,fixed,13
4025,2025-04-14,2030-01-01,fixed,13
4026,2025-04-14,2030-01-01,fixed,13
4028,2025-04-14,2030-01-01,fixed,13
4029,2025-04-14,2030-01-01,fixed,13
4030,2025-04-14,2030-01-01,fixed,13
4034,2025-04-14,2030-01-01,fixed,13
4036,2025-04-14,2030-01-01,fixed,13
4037,2025-04-14,2030-01-01,fixed,13
4039,2025-04-14,2030-01-01,fixed,13
5270,2025-04-14,2030-01-01,fixed,13
4040,2025-04-14,2030-01-01,fixed,13
4041,2025-04-14,2030-01-01,fixed,13
4043,2025-04-14,2030-01-01,fixed,13
4044,2025-04-14,2030-01-01,fixed,13
4045,2025-04-14,2030-01-01,fixed,13
4046,2025-04-14,2030-01-01,fixed,13
4047,2025-04-14,2030-01-01,fixed,13
4048,2025-04-14,2030-01-01,fixed,13
4049,2025-04-14,2030-01-01,fixed,13
4052,2025-04-14,2030-01-01,fixed,13
4053,2025-04-14,2030-01-01,fixed,13
4054,2025-04-14,2030-01-01,fixed,13
4056,2025-04-14,2030-01-01,fixed,13
4057,2025-04-14,2030-01-01,fixed,13
4058,2025-04-14,2030-01-01,fixed,13
4059,2025-04-14,2030-01-01,fixed,13
5236,2025-11-23,2026-11-23,percentage,100
9945,2026-01-12,2027-01-12,percentage,100
11881,2026-05-19,2026-08-17,percentage,5
4060,2025-04-14,2030-01-01,fixed,13
4061,2025-04-14,2030-01-01,fixed,13
4062,2025-04-14,2030-01-01,fixed,13
4063,2025-04-14,2030-01-01,fixed,13
4064,2025-04-14,2030-01-01,fixed,13
4068,2025-04-14,2030-01-01,fixed,13
4069,2025-04-14,2030-01-01,fixed,13
4070,2025-04-14,2030-01-01,fixed,13
4072,2025-04-14,2030-01-01,fixed,13
4073,2025-04-14,2030-01-01,fixed,13
4075,2025-04-14,2030-01-01,fixed,13
4076,2025-04-14,2030-01-01,fixed,13
4079,2025-04-14,2030-01-01,fixed,13
4081,2025-04-14,2030-01-01,fixed,13
4082,2025-04-14,2030-01-01,fixed,13
4084,2025-04-14,2030-01-01,fixed,13
4086,2025-04-14,2030-01-01,fixed,13
4087,2025-04-14,2030-01-01,fixed,13
4088,2025-04-14,2030-01-01,fixed,13
4089,2025-04-14,2030-01-01,fixed,13
4090,2025-04-14,2030-01-01,fixed,13
4091,2025-04-14,2030-01-01,fixed,13
4092,2025-04-14,2030-01-01,fixed,13
4093,2025-04-14,2030-01-01,fixed,13
4094,2025-04-14,2030-01-01,fixed,13
4095,2025-04-14,2030-01-01,fixed,13
4097,2025-04-14,2030-01-01,fixed,13
4098,2025-04-14,2030-01-01,fixed,13
4099,2025-04-14,2030-01-01,fixed,13
4100,2025-04-14,2030-01-01,fixed,13
4101,2025-04-14,2030-01-01,fixed,13
4102,2025-04-14,2030-01-01,fixed,13
4103,2025-04-14,2030-01-01,fixed,13
4104,2025-04-14,2030-01-01,fixed,13
4105,2025-04-14,2030-01-01,fixed,13
4107,2025-04-14,2030-01-01,fixed,13
4109,2025-04-14,2030-01-01,fixed,13
4110,2025-04-14,2030-01-01,fixed,13
4112,2025-04-14,2030-01-01,fixed,13
4114,2025-04-14,2030-01-01,fixed,13
4116,2025-04-14,2030-01-01,fixed,13
4117,2025-04-14,2030-01-01,fixed,13
4118,2025-04-14,2030-01-01,fixed,13
4119,2025-04-14,2030-01-01,fixed,13
4120,2025-04-14,2030-01-01,fixed,13
4121,2025-04-14,2030-01-01,fixed,13
4122,2025-04-14,2030-01-01,fixed,13
4124,2025-04-14,2030-01-01,fixed,13
4125,2025-04-14,2030-01-01,fixed,13
4127,2025-04-14,2030-01-01,fixed,13
4133,2025-04-14,2030-01-01,fixed,13
4135,2025-04-14,2030-01-01,fixed,13
4136,2025-04-14,2030-01-01,fixed,13
4137,2025-04-14,2030-01-01,fixed,13
4138,2025-04-14,2030-01-01,fixed,13
4139,2025-04-14,2030-01-01,fixed,13
4140,2025-04-14,2030-01-01,fixed,13
4141,2025-04-14,2030-01-01,fixed,13
4142,2025-04-14,2030-01-01,fixed,13
4144,2025-04-14,2030-01-01,fixed,13
4146,2025-04-14,2030-01-01,fixed,13
4149,2025-04-14,2030-01-01,fixed,13
4150,2025-04-14,2030-01-01,fixed,13
4151,2025-04-14,2030-01-01,fixed,13
4152,2025-04-14,2030-01-01,fixed,13
4154,2025-04-14,2030-01-01,fixed,13
4155,2025-04-14,2030-01-01,fixed,13
4157,2025-04-14,2030-01-01,fixed,13
4158,2025-04-14,2030-01-01,fixed,13
4161,2025-04-14,2030-01-01,fixed,13
4162,2025-04-14,2030-01-01,fixed,13
4164,2025-04-14,2030-01-01,fixed,13
4165,2025-04-14,2030-01-01,fixed,13
4167,2025-04-14,2030-01-01,fixed,13
4168,2025-04-14,2030-01-01,fixed,13
4169,2025-04-14,2030-01-01,fixed,13
4170,2025-04-14,2030-01-01,fixed,13
4174,2025-04-14,2030-01-01,fixed,13
4175,2025-04-14,2030-01-01,fixed,13
4176,2025-04-14,2030-01-01,fixed,13
4178,2025-04-14,2030-01-01,fixed,13
4179,2025-04-14,2030-01-01,fixed,13
4181,2025-04-14,2030-01-01,fixed,13
4182,2025-04-14,2030-01-01,fixed,13
4183,2025-04-14,2030-01-01,fixed,13
4185,2025-04-14,2030-01-01,fixed,13
4187,2025-04-14,2030-01-01,fixed,13
4189,2025-04-14,2030-01-01,fixed,13
4190,2025-04-14,2030-01-01,fixed,13
4191,2025-04-14,2030-01-01,fixed,13
4192,2025-04-14,2030-01-01,fixed,13
4193,2025-04-14,2030-01-01,fixed,13
4194,2025-04-14,2030-01-01,fixed,13
4196,2025-04-14,2030-01-01,fixed,13
4197,2025-04-14,2030-01-01,fixed,13
4198,2025-04-14,2030-01-01,fixed,13
4199,2025-04-14,2030-01-01,fixed,13
4201,2025-04-14,2030-01-01,fixed,13
4203,2025-04-14,2030-01-01,fixed,13
4205,2025-04-14,2030-01-01,fixed,13
4206,2025-04-14,2030-01-01,fixed,13
4207,2025-04-14,2030-01-01,fixed,13
4208,2025-04-14,2030-01-01,fixed,13
4210,2025-04-14,2030-01-01,fixed,13
4213,2025-04-14,2030-01-01,fixed,13
4214,2025-04-14,2030-01-01,fixed,13
4215,2025-04-14,2030-01-01,fixed,13
4216,2025-04-14,2030-01-01,fixed,13
4217,2025-04-14,2030-01-01,fixed,13
4218,2025-04-14,2030-01-01,fixed,13
4220,2025-04-14,2030-01-01,fixed,13
4222,2025-04-14,2030-01-01,fixed,13
4223,2025-04-14,2030-01-01,fixed,13
4224,2025-04-14,2030-01-01,fixed,13
4225,2025-04-14,2030-01-01,fixed,13
4227,2025-04-14,2030-01-01,fixed,13
4228,2025-04-14,2030-01-01,fixed,13
4230,2025-04-14,2030-01-01,fixed,13
4231,2025-04-14,2030-01-01,fixed,13
4234,2025-04-14,2030-01-01,fixed,13
4235,2025-04-14,2030-01-01,fixed,13
4237,2025-04-14,2030-01-01,fixed,13
4239,2025-04-14,2030-01-01,fixed,13
4241,2025-04-14,2030-01-01,fixed,13
4243,2025-04-14,2030-01-01,fixed,13
4244,2025-04-14,2030-01-01,fixed,13
4246,2025-04-14,2030-01-01,fixed,13
4247,2025-04-14,2030-01-01,fixed,13
4248,2025-04-14,2030-01-01,fixed,13
4249,2025-04-14,2030-01-01,fixed,13
4251,2025-04-14,2030-01-01,fixed,13
4252,2025-04-14,2030-01-01,fixed,13
4253,2025-04-14,2030-01-01,fixed,13
4255,2025-04-14,2030-01-01,fixed,13
4256,2025-04-14,2030-01-01,fixed,13
4261,2025-04-14,2030-01-01,fixed,13
4262,2025-04-14,2030-01-01,fixed,13
4263,2025-04-14,2030-01-01,fixed,13
4264,2025-04-14,2030-01-01,fixed,13
4265,2025-04-14,2030-01-01,fixed,13
4266,2025-04-14,2030-01-01,fixed,13
4268,2025-04-14,2030-01-01,fixed,13
4269,2025-04-14,2030-01-01,fixed,13
4271,2025-04-14,2030-01-01,fixed,13
4272,2025-04-14,2030-01-01,fixed,13
4273,2025-04-14,2030-01-01,fixed,13
4274,2025-04-14,2030-01-01,fixed,13
4276,2025-04-14,2030-01-01,fixed,13
4277,2025-04-14,2030-01-01,fixed,13
4278,2025-04-14,2030-01-01,fixed,13
4279,2025-04-14,2030-01-01,fixed,13
4281,2025-04-14,2030-01-01,fixed,13
4283,2025-04-14,2030-01-01,fixed,13
4284,2025-04-14,2030-01-01,fixed,13
4286,2025-04-14,2030-01-01,fixed,13
4287,2025-04-14,2030-01-01,fixed,13
4289,2025-04-14,2030-01-01,fixed,13
4291,2025-04-14,2030-01-01,fixed,13
4293,2025-04-14,2030-01-01,fixed,13
4294,2025-04-14,2030-01-01,fixed,13
4295,2025-04-14,2030-01-01,fixed,13
4296,2025-04-14,2030-01-01,fixed,13
4297,2025-04-14,2030-01-01,fixed,13
4299,2025-04-14,2030-01-01,fixed,13
4300,2025-04-14,2030-01-01,fixed,13
4301,2025-04-14,2030-01-01,fixed,13
4303,2025-04-14,2030-01-01,fixed,13
4304,2025-04-14,2030-01-01,fixed,13
4305,2025-04-14,2030-01-01,fixed,13
4306,2025-04-14,2030-01-01,fixed,13
4307,2025-04-14,2030-01-01,fixed,13
4308,2025-04-14,2030-01-01,fixed,13
4311,2025-04-14,2030-01-01,fixed,13
4312,2025-04-14,2030-01-01,fixed,13
4313,2025-04-14,2030-01-01,fixed,13
4314,2025-04-14,2030-01-01,fixed,13
4315,2025-04-14,2030-01-01,fixed,13
4319,2025-04-14,2030-01-01,fixed,13
4320,2025-04-14,2030-01-01,fixed,13
4321,2025-04-14,2030-01-01,fixed,13
4322,2025-04-14,2030-01-01,fixed,13
4323,2025-04-14,2030-01-01,fixed,13
4324,2025-04-14,2030-01-01,fixed,13
4325,2025-04-14,2030-01-01,fixed,13
4327,2025-04-14,2030-01-01,fixed,13
4328,2025-04-14,2030-01-01,fixed,13
4330,2025-04-14,2030-01-01,fixed,13
4332,2025-04-14,2030-01-01,fixed,13
4333,2025-04-14,2030-01-01,fixed,13
4335,2025-04-14,2030-01-01,fixed,13
4336,2025-04-14,2030-01-01,fixed,13
4337,2025-04-14,2030-01-01,fixed,13
4339,2025-04-14,2030-01-01,fixed,13
4340,2025-04-14,2030-01-01,fixed,13
4343,2025-04-14,2030-01-01,fixed,13
4345,2025-04-14,2030-01-01,fixed,13
4346,2025-04-14,2030-01-01,fixed,13
4348,2025-04-14,2030-01-01,fixed,13
4353,2025-04-14,2030-01-01,fixed,13
4355,2025-04-14,2030-01-01,fixed,13
4356,2025-04-14,2030-01-01,fixed,13
4357,2025-04-14,2030-01-01,fixed,13
4358,2025-04-14,2030-01-01,fixed,13
4359,2025-04-14,2030-01-01,fixed,13
4360,2025-04-14,2030-01-01,fixed,13
4361,2025-04-14,2030-01-01,fixed,13
4362,2025-04-14,2030-01-01,fixed,13
4364,2025-04-14,2030-01-01,fixed,13
4367,2025-04-14,2030-01-01,fixed,13
4368,2025-04-14,2030-01-01,fixed,13
4369,2025-04-14,2030-01-01,fixed,13
4371,2025-04-14,2030-01-01,fixed,13
4372,2025-04-14,2030-01-01,fixed,13
4373,2025-04-14,2030-01-01,fixed,13
4374,2025-04-14,2030-01-01,fixed,13
4375,2025-04-14,2030-01-01,fixed,13
4377,2025-04-14,2030-01-01,fixed,13
4379,2025-04-14,2030-01-01,fixed,13
4381,2025-04-14,2030-01-01,fixed,13
4383,2025-04-14,2030-01-01,fixed,13
4385,2025-04-14,2030-01-01,fixed,13
4386,2025-04-14,2030-01-01,fixed,13
4389,2025-04-14,2030-01-01,fixed,13
4392,2025-04-14,2030-01-01,fixed,13
4393,2025-04-14,2030-01-01,fixed,13
4395,2025-04-14,2030-01-01,fixed,13
4396,2025-04-14,2030-01-01,fixed,13
4397,2025-04-14,2030-01-01,fixed,13
4398,2025-04-14,2030-01-01,fixed,13
4399,2025-04-14,2030-01-01,fixed,13
4401,2025-04-14,2030-01-01,fixed,13
4403,2025-04-14,2030-01-01,fixed,13
4404,2025-04-14,2030-01-01,fixed,13
4409,2025-04-14,2030-01-01,fixed,13
4410,2025-04-14,2030-01-01,fixed,13
4411,2025-04-14,2030-01-01,fixed,13
4412,2025-04-14,2030-01-01,fixed,13
4413,2025-04-14,2030-01-01,fixed,13
4415,2025-04-14,2030-01-01,fixed,13
4417,2025-04-14,2030-01-01,fixed,13
4419,2025-04-14,2030-01-01,fixed,13
4422,2025-04-14,2030-01-01,fixed,13
4424,2025-04-14,2030-01-01,fixed,13
4425,2025-04-14,2030-01-01,fixed,13
4427,2025-04-14,2030-01-01,fixed,13
4428,2025-04-14,2030-01-01,fixed,13
4430,2025-04-14,2030-01-01,fixed,13
4431,2025-04-14,2030-01-01,fixed,13
4433,2025-04-14,2030-01-01,fixed,13
4434,2025-04-14,2030-01-01,fixed,13
4435,2025-04-14,2030-01-01,fixed,13
4436,2025-04-14,2030-01-01,fixed,13
4437,2025-04-14,2030-01-01,fixed,13
4439,2025-04-14,2030-01-01,fixed,13
4440,2025-04-14,2030-01-01,fixed,13
4441,2025-04-14,2030-01-01,fixed,13
4442,2025-04-14,2030-01-01,fixed,13
4443,2025-04-14,2030-01-01,fixed,13
4446,2025-04-14,2030-01-01,fixed,13
4447,2025-04-14,2030-01-01,fixed,13
4448,2025-04-14,2030-01-01,fixed,13
4449,2025-04-14,2030-01-01,fixed,13
4451,2025-04-14,2030-01-01,fixed,13
4453,2025-04-14,2030-01-01,fixed,13
4454,2025-04-14,2030-01-01,fixed,13
4455,2025-04-14,2030-01-01,fixed,13
4458,2025-04-14,2030-01-01,fixed,13
4460,2025-04-14,2030-01-01,fixed,13
4462,2025-04-14,2030-01-01,fixed,13
4466,2025-04-14,2030-01-01,fixed,13
4467,2025-04-14,2030-01-01,fixed,13
4468,2025-04-14,2030-01-01,fixed,13
4469,2025-04-14,2030-01-01,fixed,13
4470,2025-04-14,2030-01-01,fixed,13
4471,2025-04-14,2030-01-01,fixed,13
4472,2025-04-14,2030-01-01,fixed,13
4473,2025-04-14,2030-01-01,fixed,13
4474,2025-04-14,2030-01-01,fixed,13
4475,2025-04-14,2030-01-01,fixed,13
4476,2025-04-14,2030-01-01,fixed,13
4477,2025-04-14,2030-01-01,fixed,13
4479,2025-04-14,2030-01-01,fixed,13
4481,2025-04-14,2030-01-01,fixed,13
4482,2025-04-14,2030-01-01,fixed,13
4483,2025-04-14,2030-01-01,fixed,13
4485,2025-04-14,2030-01-01,fixed,13
4486,2025-04-14,2030-01-01,fixed,13
4487,2025-04-14,2030-01-01,fixed,13
4490,2025-04-14,2030-01-01,fixed,13
4492,2025-04-14,2030-01-01,fixed,13
4493,2025-04-14,2030-01-01,fixed,13
4494,2025-04-14,2030-01-01,fixed,13
4496,2025-04-14,2030-01-01,fixed,13
4499,2025-04-14,2030-01-01,fixed,13
4500,2025-04-14,2030-01-01,fixed,13
4501,2025-04-14,2030-01-01,fixed,13
4503,2025-04-14,2030-01-01,fixed,13
4504,2025-04-14,2030-01-01,fixed,13
4506,2025-04-14,2030-01-01,fixed,13
4508,2025-04-14,2030-01-01,fixed,13
4509,2025-04-14,2030-01-01,fixed,13
4511,2025-04-14,2030-01-01,fixed,13
4514,2025-04-14,2030-01-01,fixed,13
4516,2025-04-14,2030-01-01,fixed,13
4518,2025-04-14,2030-01-01,fixed,13
4519,2025-04-14,2030-01-01,fixed,13
4521,2025-04-14,2030-01-01,fixed,13
4522,2025-04-14,2030-01-01,fixed,13
4523,2025-04-14,2030-01-01,fixed,13
4524,2025-04-14,2030-01-01,fixed,13
4525,2025-04-14,2030-01-01,fixed,13
4526,2025-04-14,2030-01-01,fixed,13
4527,2025-04-14,2030-01-01,fixed,13
4529,2025-04-14,2030-01-01,fixed,13
4530,2025-04-14,2030-01-01,fixed,13
4532,2025-04-14,2030-01-01,fixed,13
4533,2025-04-14,2030-01-01,fixed,13
4534,2025-04-14,2030-01-01,fixed,13
4538,2025-04-14,2030-01-01,fixed,13
4539,2025-04-14,2030-01-01,fixed,13
4541,2025-04-14,2030-01-01,fixed,13
4542,2025-04-14,2030-01-01,fixed,13
4544,2025-04-14,2030-01-01,fixed,13
4545,2025-04-14,2030-01-01,fixed,13
4547,2025-04-14,2030-01-01,fixed,13
4549,2025-04-14,2030-01-01,fixed,13
4550,2025-04-14,2030-01-01,fixed,13
4551,2025-04-14,2030-01-01,fixed,13
4553,2025-04-14,2030-01-01,fixed,13
4555,2025-04-14,2030-01-01,fixed,13
4556,2025-04-14,2030-01-01,fixed,13
4557,2025-04-14,2030-01-01,fixed,13
4558,2025-04-14,2030-01-01,fixed,13
4559,2025-04-14,2030-01-01,fixed,13
4560,2025-04-14,2030-01-01,fixed,13
4561,2025-04-14,2030-01-01,fixed,13
4566,2025-04-14,2030-01-01,fixed,13
4568,2025-04-14,2030-01-01,fixed,13
4569,2025-04-14,2030-01-01,fixed,13
4570,2025-04-14,2030-01-01,fixed,13
4572,2025-04-14,2030-01-01,fixed,13
4573,2025-04-14,2030-01-01,fixed,13
4574,2025-04-14,2030-01-01,fixed,13
4578,2025-04-14,2030-01-01,fixed,13
5256,2025-04-14,2030-01-01,fixed,13
4579,2025-04-14,2030-01-01,fixed,13
5257,2025-04-14,2030-01-01,fixed,13
4580,2025-04-14,2030-01-01,fixed,13
4582,2025-04-14,2030-01-01,fixed,13
5259,2025-04-14,2030-01-01,fixed,13
4588,2025-04-14,2030-01-01,fixed,13
5260,2025-04-14,2030-01-01,fixed,13
4589,2025-04-14,2030-01-01,fixed,13
4590,2025-04-14,2030-01-01,fixed,13
4591,2025-04-14,2030-01-01,fixed,13
4592,2025-04-14,2030-01-01,fixed,13
5261,2025-04-14,2030-01-01,fixed,13
4593,2025-04-14,2030-01-01,fixed,13
5263,2025-04-14,2030-01-01,fixed,13
4595,2025-04-14,2030-01-01,fixed,13
4596,2025-04-14,2030-01-01,fixed,13
4597,2025-04-14,2030-01-01,fixed,13
4598,2025-04-14,2030-01-01,fixed,13
5264,2025-04-14,2030-01-01,fixed,13
5265,2025-04-14,2030-01-01,fixed,13
5266,2025-04-14,2030-01-01,fixed,13
4599,2025-04-14,2030-01-01,fixed,13
4600,2025-04-14,2030-01-01,fixed,13
4015,2025-04-14,2030-01-01,fixed,13
4601,2025-04-14,2030-01-01,fixed,13
4602,2025-04-14,2030-01-01,fixed,13
5269,2025-04-14,2030-01-01,fixed,13
4603,2025-04-14,2030-01-01,fixed,13
4604,2025-04-14,2030-01-01,fixed,13
4605,2025-04-14,2030-01-01,fixed,13
5271,2025-04-14,2030-01-01,fixed,13
4606,2025-04-14,2030-01-01,fixed,13
4608,2025-04-14,2030-01-01,fixed,13
5273,2025-04-14,2030-01-01,fixed,13
4051,2025-04-14,2030-01-01,fixed,13
5274,2025-04-14,2030-01-01,fixed,13
5275,2025-04-14,2030-01-01,fixed,13
5276,2025-04-14,2030-01-01,fixed,13
4611,2025-04-14,2030-01-01,fixed,13
5277,2025-04-14,2030-01-01,fixed,13
4613,2025-04-14,2030-01-01,fixed,13
5278,2025-04-14,2030-01-01,fixed,13
4614,2025-04-14,2030-01-01,fixed,13
4615,2025-04-14,2030-01-01,fixed,13
4616,2025-04-14,2030-01-01,fixed,13
4617,2025-04-14,2030-01-01,fixed,13
4618,2025-04-14,2030-01-01,fixed,13
4619,2025-04-14,2030-01-01,fixed,13
4620,2025-04-14,2030-01-01,fixed,13
4621,2025-04-14,2030-01-01,fixed,13
4622,2025-04-14,2030-01-01,fixed,13
4623,2025-04-14,2030-01-01,fixed,13
4624,2025-04-14,2030-01-01,fixed,13
4625,2025-04-14,2030-01-01,fixed,13
4626,2025-04-14,2030-01-01,fixed,13
4627,2025-04-14,2030-01-01,fixed,13
4628,2025-04-14,2030-01-01,fixed,13
4629,2025-04-14,2030-01-01,fixed,13
4630,2025-04-14,2030-01-01,fixed,13
4631,2025-04-14,2030-01-01,fixed,13
4632,2025-04-14,2030-01-01,fixed,13
4633,2025-04-14,2030-01-01,fixed,13
4634,2025-04-14,2030-01-01,fixed,13
4635,2025-04-14,2030-01-01,fixed,13
4636,2025-04-14,2030-01-01,fixed,13
4637,2025-04-14,2030-01-01,fixed,13
4638,2025-04-14,2030-01-01,fixed,13
4639,2025-04-14,2030-01-01,fixed,13
4640,2025-04-14,2030-01-01,fixed,13
4641,2025-04-14,2030-01-01,fixed,13
4642,2025-04-14,2030-01-01,fixed,13
4644,2025-04-14,2030-01-01,fixed,13
4645,2025-04-14,2030-01-01,fixed,13
4646,2025-04-14,2030-01-01,fixed,13
4647,2025-04-14,2030-01-01,fixed,13
4648,2025-04-14,2030-01-01,fixed,13
4650,2025-04-14,2030-01-01,fixed,13
4651,2025-04-14,2030-01-01,fixed,13
4652,2025-04-14,2030-01-01,fixed,13
4653,2025-04-14,2030-01-01,fixed,13
4654,2025-04-14,2030-01-01,fixed,13
4655,2025-04-14,2030-01-01,fixed,13
4656,2025-04-14,2030-01-01,fixed,13
4657,2025-04-14,2030-01-01,fixed,13
4658,2025-04-14,2030-01-01,fixed,13
4659,2025-04-14,2030-01-01,fixed,13
4660,2025-04-14,2030-01-01,fixed,13
4661,2025-04-14,2030-01-01,fixed,13
4662,2025-04-14,2030-01-01,fixed,13
4663,2025-04-14,2030-01-01,fixed,13
4664,2025-04-14,2030-01-01,fixed,13
4665,2025-04-14,2030-01-01,fixed,13
4666,2025-04-14,2030-01-01,fixed,13
4667,2025-04-14,2030-01-01,fixed,13
4668,2025-04-14,2030-01-01,fixed,13
4669,2025-04-14,2030-01-01,fixed,13
4670,2025-04-14,2030-01-01,fixed,13
4671,2025-04-14,2030-01-01,fixed,13
4672,2025-04-14,2030-01-01,fixed,13
4673,2025-04-14,2030-01-01,fixed,13
4674,2025-04-14,2030-01-01,fixed,13
4675,2025-04-14,2030-01-01,fixed,13
4676,2025-04-14,2030-01-01,fixed,13
4677,2025-04-14,2030-01-01,fixed,13
4678,2025-04-14,2030-01-01,fixed,13
4679,2025-04-14,2030-01-01,fixed,13
4680,2025-04-14,2030-01-01,fixed,13
4681,2025-04-14,2030-01-01,fixed,13
4682,2025-04-14,2030-01-01,fixed,13
4683,2025-04-14,2030-01-01,fixed,13
4684,2025-04-14,2030-01-01,fixed,13
4685,2025-04-14,2030-01-01,fixed,13
4686,2025-04-14,2030-01-01,fixed,13
4687,2025-04-14,2030-01-01,fixed,13
4688,2025-04-14,2030-01-01,fixed,13
4689,2025-04-14,2030-01-01,fixed,13
4690,2025-04-14,2030-01-01,fixed,13
4691,2025-04-14,2030-01-01,fixed,13
4692,2025-04-14,2030-01-01,fixed,13
4693,2025-04-14,2030-01-01,fixed,13
4694,2025-04-14,2030-01-01,fixed,13
4695,2025-04-14,2030-01-01,fixed,13
4696,2025-04-14,2030-01-01,fixed,13
4697,2025-04-14,2030-01-01,fixed,13
4699,2025-04-14,2030-01-01,fixed,13
4700,2025-04-14,2030-01-01,fixed,13
4701,2025-04-14,2030-01-01,fixed,13
4702,2025-04-14,2030-01-01,fixed,13
4703,2025-04-14,2030-01-01,fixed,13
4704,2025-04-14,2030-01-01,fixed,13
4705,2025-04-14,2030-01-01,fixed,13
4706,2025-04-14,2030-01-01,fixed,13
4707,2025-04-14,2030-01-01,fixed,13
4710,2025-04-14,2030-01-01,fixed,13
4711,2025-04-14,2030-01-01,fixed,13
4712,2025-04-14,2030-01-01,fixed,13
4713,2025-04-14,2030-01-01,fixed,13
4714,2025-04-14,2030-01-01,fixed,13
4715,2025-04-14,2030-01-01,fixed,13
4716,2025-04-14,2030-01-01,fixed,13
4717,2025-04-14,2030-01-01,fixed,13
4718,2025-04-14,2030-01-01,fixed,13
4719,2025-04-14,2030-01-01,fixed,13
4720,2025-04-14,2030-01-01,fixed,13
4721,2025-04-14,2030-01-01,fixed,13
4723,2025-04-14,2030-01-01,fixed,13
4724,2025-04-14,2030-01-01,fixed,13
4725,2025-04-14,2030-01-01,fixed,13
4726,2025-04-14,2030-01-01,fixed,13
4727,2025-04-14,2030-01-01,fixed,13
4728,2025-04-14,2030-01-01,fixed,13
4729,2025-04-14,2030-01-01,fixed,13
4730,2025-04-14,2030-01-01,fixed,13
4731,2025-04-14,2030-01-01,fixed,13
4733,2025-04-14,2030-01-01,fixed,13
4734,2025-04-14,2030-01-01,fixed,13
4736,2025-04-14,2030-01-01,fixed,13
4737,2025-04-14,2030-01-01,fixed,13
4738,2025-04-14,2030-01-01,fixed,13
4739,2025-04-14,2030-01-01,fixed,13
4740,2025-04-14,2030-01-01,fixed,13
4741,2025-04-14,2030-01-01,fixed,13
4742,2025-04-14,2030-01-01,fixed,13
4743,2025-04-14,2030-01-01,fixed,13
4744,2025-04-14,2030-01-01,fixed,13
4745,2025-04-14,2030-01-01,fixed,13
4746,2025-04-14,2030-01-01,fixed,13
4747,2025-04-14,2030-01-01,fixed,13
4748,2025-04-14,2030-01-01,fixed,13
4749,2025-04-14,2030-01-01,fixed,13
4750,2025-04-14,2030-01-01,fixed,13
4751,2025-04-14,2030-01-01,fixed,13
4752,2025-04-14,2030-01-01,fixed,13
4753,2025-04-14,2030-01-01,fixed,13
4755,2025-04-14,2030-01-01,fixed,13
4756,2025-04-14,2030-01-01,fixed,13
4757,2025-04-14,2030-01-01,fixed,13
4759,2025-04-14,2030-01-01,fixed,13
4760,2025-04-14,2030-01-01,fixed,13
4761,2025-04-14,2030-01-01,fixed,13
4762,2025-04-14,2030-01-01,fixed,13
4763,2025-04-14,2030-01-01,fixed,13
4764,2025-04-14,2030-01-01,fixed,13
4765,2025-04-14,2030-01-01,fixed,13
4766,2025-04-14,2030-01-01,fixed,13
4767,2025-04-14,2030-01-01,fixed,13
4768,2025-04-14,2030-01-01,fixed,13
4769,2025-04-14,2030-01-01,fixed,13
4770,2025-04-14,2030-01-01,fixed,13
4771,2025-04-14,2030-01-01,fixed,13
4772,2025-04-14,2030-01-01,fixed,13
4773,2025-04-14,2030-01-01,fixed,13
4774,2025-04-14,2030-01-01,fixed,13
4775,2025-04-14,2030-01-01,fixed,13
4776,2025-04-14,2030-01-01,fixed,13
4777,2025-04-14,2030-01-01,fixed,13
4778,2025-04-14,2030-01-01,fixed,13
4779,2025-04-14,2030-01-01,fixed,13
4780,2025-04-14,2030-01-01,fixed,13
4781,2025-04-14,2030-01-01,fixed,13
4782,2025-04-14,2030-01-01,fixed,13
4783,2025-04-14,2030-01-01,fixed,13
4784,2025-04-14,2030-01-01,fixed,13
4785,2025-04-14,2030-01-01,fixed,13
4786,2025-04-14,2030-01-01,fixed,13
4788,2025-04-14,2030-01-01,fixed,13
4789,2025-04-14,2030-01-01,fixed,13
4790,2025-04-14,2030-01-01,fixed,13
4792,2025-04-14,2030-01-01,fixed,13
4793,2025-04-14,2030-01-01,fixed,13
4794,2025-04-14,2030-01-01,fixed,13
4795,2025-04-14,2030-01-01,fixed,13
4796,2025-04-14,2030-01-01,fixed,13
4797,2025-04-14,2030-01-01,fixed,13
4799,2025-04-14,2030-01-01,fixed,13
4800,2025-04-14,2030-01-01,fixed,13
4801,2025-04-14,2030-01-01,fixed,13
4803,2025-04-14,2030-01-01,fixed,13
4804,2025-04-14,2030-01-01,fixed,13
4805,2025-04-14,2030-01-01,fixed,13
4806,2025-04-14,2030-01-01,fixed,13
4807,2025-04-14,2030-01-01,fixed,13
4808,2025-04-14,2030-01-01,fixed,13
4809,2025-04-14,2030-01-01,fixed,13
4810,2025-04-14,2030-01-01,fixed,13
4811,2025-04-14,2030-01-01,fixed,13
4812,2025-04-14,2030-01-01,fixed,13
4813,2025-04-14,2030-01-01,fixed,13
4814,2025-04-14,2030-01-01,fixed,13
4815,2025-04-14,2030-01-01,fixed,13
4816,2025-04-14,2030-01-01,fixed,13
4817,2025-04-14,2030-01-01,fixed,13
4818,2025-04-14,2030-01-01,fixed,13
4819,2025-04-14,2030-01-01,fixed,13
4820,2025-04-14,2030-01-01,fixed,13
4822,2025-04-14,2030-01-01,fixed,13
4823,2025-04-14,2030-01-01,fixed,13
4824,2025-04-14,2030-01-01,fixed,13
4825,2025-04-14,2030-01-01,fixed,13
4826,2025-04-14,2030-01-01,fixed,13
4827,2025-04-14,2030-01-01,fixed,13
4828,2025-04-14,2030-01-01,fixed,13
4829,2025-04-14,2030-01-01,fixed,13
4830,2025-04-14,2030-01-01,fixed,13
4831,2025-04-14,2030-01-01,fixed,13
4832,2025-04-14,2030-01-01,fixed,13
4833,2025-04-14,2030-01-01,fixed,13
4834,2025-04-14,2030-01-01,fixed,13
4835,2025-04-14,2030-01-01,fixed,13
4836,2025-04-14,2030-01-01,fixed,13
4837,2025-04-14,2030-01-01,fixed,13
4838,2025-04-14,2030-01-01,fixed,13
4839,2025-04-14,2030-01-01,fixed,13
4840,2025-04-14,2030-01-01,fixed,13
4841,2025-04-14,2030-01-01,fixed,13
4842,2025-04-14,2030-01-01,fixed,13
4843,2025-04-14,2030-01-01,fixed,13
4844,2025-04-14,2030-01-01,fixed,13
4846,2025-04-14,2030-01-01,fixed,13
4847,2025-04-14,2030-01-01,fixed,13
4848,2025-04-14,2030-01-01,fixed,13
4849,2025-04-14,2030-01-01,fixed,13
4850,2025-04-14,2030-01-01,fixed,13
4851,2025-04-14,2030-01-01,fixed,13
4852,2025-04-14,2030-01-01,fixed,13
4853,2025-04-14,2030-01-01,fixed,13
4854,2025-04-14,2030-01-01,fixed,13
4855,2025-04-14,2030-01-01,fixed,13
4856,2025-04-14,2030-01-01,fixed,13
4857,2025-04-14,2030-01-01,fixed,13
4858,2025-04-14,2030-01-01,fixed,13
4860,2025-04-14,2030-01-01,fixed,13
4861,2025-04-14,2030-01-01,fixed,13
4862,2025-04-14,2030-01-01,fixed,13
4863,2025-04-14,2030-01-01,fixed,13
4864,2025-04-14,2030-01-01,fixed,13
4865,2025-04-14,2030-01-01,fixed,13
4866,2025-04-14,2030-01-01,fixed,13
4867,2025-04-14,2030-01-01,fixed,13
4868,2025-04-14,2030-01-01,fixed,13
4870,2025-04-14,2030-01-01,fixed,13
4871,2025-04-14,2030-01-01,fixed,13
4872,2025-04-14,2030-01-01,fixed,13
4873,2025-04-14,2030-01-01,fixed,13
4874,2025-04-14,2030-01-01,fixed,13
4875,2025-04-14,2030-01-01,fixed,13
4876,2025-04-14,2030-01-01,fixed,13
4877,2025-04-14,2030-01-01,fixed,13
4878,2025-04-14,2030-01-01,fixed,13
4879,2025-04-14,2030-01-01,fixed,13
4880,2025-04-14,2030-01-01,fixed,13
4881,2025-04-14,2030-01-01,fixed,13
4882,2025-04-14,2030-01-01,fixed,13
4883,2025-04-14,2030-01-01,fixed,13
4884,2025-04-14,2030-01-01,fixed,13
4885,2025-04-14,2030-01-01,fixed,13
4886,2025-04-14,2030-01-01,fixed,13
4887,2025-04-14,2030-01-01,fixed,13
4888,2025-04-14,2030-01-01,fixed,13
4889,2025-04-14,2030-01-01,fixed,13
4890,2025-04-14,2030-01-01,fixed,13
4891,2025-04-14,2030-01-01,fixed,13
4892,2025-04-14,2030-01-01,fixed,13
4893,2025-04-14,2030-01-01,fixed,13
4894,2025-04-14,2030-01-01,fixed,13
4896,2025-04-14,2030-01-01,fixed,13
4897,2025-04-14,2030-01-01,fixed,13
4899,2025-04-14,2030-01-01,fixed,13
4901,2025-04-14,2030-01-01,fixed,13
4902,2025-04-14,2030-01-01,fixed,13
4903,2025-04-14,2030-01-01,fixed,13
4904,2025-04-14,2030-01-01,fixed,13
4906,2025-04-14,2030-01-01,fixed,13
4907,2025-04-14,2030-01-01,fixed,13
4908,2025-04-14,2030-01-01,fixed,13
4909,2025-04-14,2030-01-01,fixed,13
4910,2025-04-14,2030-01-01,fixed,13
4912,2025-04-14,2030-01-01,fixed,13
4913,2025-04-14,2030-01-01,fixed,13
4914,2025-04-14,2030-01-01,fixed,13
4915,2025-04-14,2030-01-01,fixed,13
4916,2025-04-14,2030-01-01,fixed,13
4917,2025-04-14,2030-01-01,fixed,13
4918,2025-04-14,2030-01-01,fixed,13
4919,2025-04-14,2030-01-01,fixed,13
4920,2025-04-14,2030-01-01,fixed,13
4921,2025-04-14,2030-01-01,fixed,13
4922,2025-04-14,2030-01-01,fixed,13
4924,2025-04-14,2030-01-01,fixed,13
4925,2025-04-14,2030-01-01,fixed,13
4926,2025-04-14,2030-01-01,fixed,13
4927,2025-04-14,2030-01-01,fixed,13
4928,2025-04-14,2030-01-01,fixed,13
4929,2025-04-14,2030-01-01,fixed,13
4930,2025-04-14,2030-01-01,fixed,13
4931,2025-04-14,2030-01-01,fixed,13
4932,2025-04-14,2030-01-01,fixed,13
4933,2025-04-14,2030-01-01,fixed,13
4934,2025-04-14,2030-01-01,fixed,13
4935,2025-04-14,2030-01-01,fixed,13
4936,2025-04-14,2030-01-01,fixed,13
4937,2025-04-14,2030-01-01,fixed,13
4938,2025-04-14,2030-01-01,fixed,13
4939,2025-04-14,2030-01-01,fixed,13
4940,2025-04-14,2030-01-01,fixed,13
4941,2025-04-14,2030-01-01,fixed,13
4942,2025-04-14,2030-01-01,fixed,13
4943,2025-04-14,2030-01-01,fixed,13
4944,2025-04-14,2030-01-01,fixed,13
4945,2025-04-14,2030-01-01,fixed,13
4946,2025-04-14,2030-01-01,fixed,13
4947,2025-04-14,2030-01-01,fixed,13
4948,2025-04-14,2030-01-01,fixed,13
4949,2025-04-14,2030-01-01,fixed,13
4950,2025-04-14,2030-01-01,fixed,13
4951,2025-04-14,2030-01-01,fixed,13
4952,2025-04-14,2030-01-01,fixed,13
4953,2025-04-14,2030-01-01,fixed,13
4954,2025-04-14,2030-01-01,fixed,13
4955,2025-04-14,2030-01-01,fixed,13
4956,2025-04-14,2030-01-01,fixed,13
4957,2025-04-14,2030-01-01,fixed,13
4958,2025-04-14,2030-01-01,fixed,13
4959,2025-04-14,2030-01-01,fixed,13
4960,2025-04-14,2030-01-01,fixed,13
4961,2025-04-14,2030-01-01,fixed,13
4962,2025-04-14,2030-01-01,fixed,13
4963,2025-04-14,2030-01-01,fixed,13
4964,2025-04-14,2030-01-01,fixed,13
4965,2025-04-14,2030-01-01,fixed,13
4967,2025-04-14,2030-01-01,fixed,13
4968,2025-04-14,2030-01-01,fixed,13
4969,2025-04-14,2030-01-01,fixed,13
4970,2025-04-14,2030-01-01,fixed,13
4971,2025-04-14,2030-01-01,fixed,13
4972,2025-04-14,2030-01-01,fixed,13
4974,2025-04-14,2030-01-01,fixed,13
4976,2025-04-14,2030-01-01,fixed,13
4978,2025-04-14,2030-01-01,fixed,13
4979,2025-04-14,2030-01-01,fixed,13
4980,2025-04-14,2030-01-01,fixed,13
4981,2025-04-14,2030-01-01,fixed,13
4982,2025-04-14,2030-01-01,fixed,13
4983,2025-04-14,2030-01-01,fixed,13
4984,2025-04-14,2030-01-01,fixed,13
4986,2025-04-14,2030-01-01,fixed,13
4987,2025-04-14,2030-01-01,fixed,13
4988,2025-04-14,2030-01-01,fixed,13
4989,2025-04-14,2030-01-01,fixed,13
4990,2025-04-14,2030-01-01,fixed,13
4991,2025-04-14,2030-01-01,fixed,13
4992,2025-04-14,2030-01-01,fixed,13
4993,2025-04-14,2030-01-01,fixed,13
4994,2025-04-14,2030-01-01,fixed,13
4995,2025-04-14,2030-01-01,fixed,13
4996,2025-04-14,2030-01-01,fixed,13
4997,2025-04-14,2030-01-01,fixed,13
4998,2025-04-14,2030-01-01,fixed,13
4999,2025-04-14,2030-01-01,fixed,13
5001,2025-04-14,2030-01-01,fixed,13
5002,2025-04-14,2030-01-01,fixed,13
5003,2025-04-14,2030-01-01,fixed,13
5004,2025-04-14,2030-01-01,fixed,13
5005,2025-04-14,2030-01-01,fixed,13
5006,2025-04-14,2030-01-01,fixed,13
5007,2025-04-14,2030-01-01,fixed,13
5008,2025-04-14,2030-01-01,fixed,13
5009,2025-04-14,2030-01-01,fixed,13
5011,2025-04-14,2030-01-01,fixed,13
5012,2025-04-14,2030-01-01,fixed,13
5013,2025-04-14,2030-01-01,fixed,13
5014,2025-04-14,2030-01-01,fixed,13
5015,2025-04-14,2030-01-01,fixed,13
5016,2025-04-14,2030-01-01,fixed,13
5017,2025-04-14,2030-01-01,fixed,13
5018,2025-04-14,2030-01-01,fixed,13
5019,2025-04-14,2030-01-01,fixed,13
5020,2025-04-14,2030-01-01,fixed,13
5021,2025-04-14,2030-01-01,fixed,13
5022,2025-04-14,2030-01-01,fixed,13
5023,2025-04-14,2030-01-01,fixed,13
5024,2025-04-14,2030-01-01,fixed,13
5025,2025-04-14,2030-01-01,fixed,13
5026,2025-04-14,2030-01-01,fixed,13
5027,2025-04-14,2030-01-01,fixed,13
5028,2025-04-14,2030-01-01,fixed,13
5029,2025-04-14,2030-01-01,fixed,13
5030,2025-04-14,2030-01-01,fixed,13
5031,2025-04-14,2030-01-01,fixed,13
5032,2025-04-14,2030-01-01,fixed,13
5033,2025-04-14,2030-01-01,fixed,13
5034,2025-04-14,2030-01-01,fixed,13
5035,2025-04-14,2030-01-01,fixed,13
5036,2025-04-14,2030-01-01,fixed,13
5037,2025-04-14,2030-01-01,fixed,13
5038,2025-04-14,2030-01-01,fixed,13
5039,2025-04-14,2030-01-01,fixed,13
5040,2025-04-14,2030-01-01,fixed,13
5041,2025-04-14,2030-01-01,fixed,13
5042,2025-04-14,2030-01-01,fixed,13
5043,2025-04-14,2030-01-01,fixed,13
5044,2025-04-14,2030-01-01,fixed,13
5045,2025-04-14,2030-01-01,fixed,13
5046,2025-04-14,2030-01-01,fixed,13
5047,2025-04-14,2030-01-01,fixed,13
5049,2025-04-14,2030-01-01,fixed,13
5050,2025-04-14,2030-01-01,fixed,13
5051,2025-04-14,2030-01-01,fixed,13
5052,2025-04-14,2030-01-01,fixed,13
5053,2025-04-14,2030-01-01,fixed,13
5055,2025-04-14,2030-01-01,fixed,13
5056,2025-04-14,2030-01-01,fixed,13
5057,2025-04-14,2030-01-01,fixed,13
5059,2025-04-14,2030-01-01,fixed,13
5060,2025-04-14,2030-01-01,fixed,13
5061,2025-04-14,2030-01-01,fixed,13
5062,2025-04-14,2030-01-01,fixed,13
5063,2025-04-14,2030-01-01,fixed,13
5064,2025-04-14,2030-01-01,fixed,13
5065,2025-04-14,2030-01-01,fixed,13
5066,2025-04-14,2030-01-01,fixed,13
5067,2025-04-14,2030-01-01,fixed,13
5068,2025-04-14,2030-01-01,fixed,13
5069,2025-04-14,2030-01-01,fixed,13
5070,2025-04-14,2030-01-01,fixed,13
5071,2025-04-14,2030-01-01,fixed,13
5072,2025-04-14,2030-01-01,fixed,13
5073,2025-04-14,2030-01-01,fixed,13
5074,2025-04-14,2030-01-01,fixed,13
5075,2025-04-14,2030-01-01,fixed,13
5076,2025-04-14,2030-01-01,fixed,13
5077,2025-04-14,2030-01-01,fixed,13
5078,2025-04-14,2030-01-01,fixed,13
5079,2025-04-14,2030-01-01,fixed,13
5080,2025-04-14,2030-01-01,fixed,13
5081,2025-04-14,2030-01-01,fixed,13
5083,2025-04-14,2030-01-01,fixed,13
5084,2025-04-14,2030-01-01,fixed,13
5085,2025-04-14,2030-01-01,fixed,13
5086,2025-04-14,2030-01-01,fixed,13
5087,2025-04-14,2030-01-01,fixed,13
5088,2025-04-14,2030-01-01,fixed,13
5089,2025-04-14,2030-01-01,fixed,13
5090,2025-04-14,2030-01-01,fixed,13
5091,2025-04-14,2030-01-01,fixed,13
5092,2025-04-14,2030-01-01,fixed,13
5093,2025-04-14,2030-01-01,fixed,13
5094,2025-04-14,2030-01-01,fixed,13
5095,2025-04-14,2030-01-01,fixed,13
5096,2025-04-14,2030-01-01,fixed,13
5097,2025-04-14,2030-01-01,fixed,13
5098,2025-04-14,2030-01-01,fixed,13
5099,2025-04-14,2030-01-01,fixed,13
5100,2025-04-14,2030-01-01,fixed,13
5102,2025-04-14,2030-01-01,fixed,13
5103,2025-04-14,2030-01-01,fixed,13
5104,2025-04-14,2030-01-01,fixed,13
5105,2025-04-14,2030-01-01,fixed,13
5106,2025-04-14,2030-01-01,fixed,13
5107,2025-04-14,2030-01-01,fixed,13
5108,2025-04-14,2030-01-01,fixed,13
5109,2025-04-14,2030-01-01,fixed,13
5111,2025-04-14,2030-01-01,fixed,13
5112,2025-04-14,2030-01-01,fixed,13
5113,2025-04-14,2030-01-01,fixed,13
5114,2025-04-14,2030-01-01,fixed,13
5115,2025-04-14,2030-01-01,fixed,13
5116,2025-04-14,2030-01-01,fixed,13
5117,2025-04-14,2030-01-01,fixed,13
5118,2025-04-14,2030-01-01,fixed,13
5119,2025-04-14,2030-01-01,fixed,13
5120,2025-04-14,2030-01-01,fixed,13
5121,2025-04-14,2030-01-01,fixed,13
5122,2025-04-14,2030-01-01,fixed,13
5123,2025-04-14,2030-01-01,fixed,13
5124,2025-04-14,2030-01-01,fixed,13
5125,2025-04-14,2030-01-01,fixed,13
5126,2025-04-14,2030-01-01,fixed,13
5127,2025-04-14,2030-01-01,fixed,13
5128,2025-04-14,2030-01-01,fixed,13
5130,2025-04-14,2030-01-01,fixed,13
5131,2025-04-14,2030-01-01,fixed,13
5132,2025-04-14,2030-01-01,fixed,13
5133,2025-04-14,2030-01-01,fixed,13
5134,2025-04-14,2030-01-01,fixed,13
5135,2025-04-14,2030-01-01,fixed,13
5137,2025-04-14,2030-01-01,fixed,13
5138,2025-04-14,2030-01-01,fixed,13
5139,2025-04-14,2030-01-01,fixed,13
5140,2025-04-14,2030-01-01,fixed,13
5141,2025-04-14,2030-01-01,fixed,13
5142,2025-04-14,2030-01-01,fixed,13
5143,2025-04-14,2030-01-01,fixed,13
5144,2025-04-14,2030-01-01,fixed,13
5145,2025-04-14,2030-01-01,fixed,13
5146,2025-04-14,2030-01-01,fixed,13
5147,2025-04-14,2030-01-01,fixed,13
5148,2025-04-14,2030-01-01,fixed,13
5149,2025-04-14,2030-01-01,fixed,13
5150,2025-04-14,2030-01-01,fixed,13
5151,2025-04-14,2030-01-01,fixed,13
5152,2025-04-14,2030-01-01,fixed,13
5153,2025-04-14,2030-01-01,fixed,13
5154,2025-04-14,2030-01-01,fixed,13
5155,2025-04-14,2030-01-01,fixed,13
5157,2025-04-14,2030-01-01,fixed,13
5158,2025-04-14,2030-01-01,fixed,13
5159,2025-04-14,2030-01-01,fixed,13
5160,2025-04-14,2030-01-01,fixed,13
5161,2025-04-14,2030-01-01,fixed,13
5162,2025-04-14,2030-01-01,fixed,13
5163,2025-04-14,2030-01-01,fixed,13
5164,2025-04-14,2030-01-01,fixed,13
5165,2025-04-14,2030-01-01,fixed,13
5166,2025-04-14,2030-01-01,fixed,13
5168,2025-04-14,2030-01-01,fixed,13
5169,2025-04-14,2030-01-01,fixed,13
5170,2025-04-14,2030-01-01,fixed,13
5171,2025-04-14,2030-01-01,fixed,13
5172,2025-04-14,2030-01-01,fixed,13
5173,2025-04-14,2030-01-01,fixed,13
5174,2025-04-14,2030-01-01,fixed,13
5175,2025-04-14,2030-01-01,fixed,13
5176,2025-04-14,2030-01-01,fixed,13
5177,2025-04-14,2030-01-01,fixed,13
5178,2025-04-14,2030-01-01,fixed,13
5179,2025-04-14,2030-01-01,fixed,13
5180,2025-04-14,2030-01-01,fixed,13
5181,2025-04-14,2030-01-01,fixed,13
5182,2025-04-14,2030-01-01,fixed,13
5183,2025-04-14,2030-01-01,fixed,13
5184,2025-04-14,2030-01-01,fixed,13
5185,2025-04-14,2030-01-01,fixed,13
5186,2025-04-14,2030-01-01,fixed,13
5187,2025-04-14,2030-01-01,fixed,13
5188,2025-04-14,2030-01-01,fixed,13
5189,2025-04-14,2030-01-01,fixed,13
5190,2025-04-14,2030-01-01,fixed,13
5191,2025-04-14,2030-01-01,fixed,13
5192,2025-04-14,2030-01-01,fixed,13
5202,2025-04-14,2030-01-01,fixed,13
7395,2025-08-21,2026-08-21,percentage,100
9225,2026-05-19,2026-08-17,percentage,15
276,2026-04-12,2026-12-31,percentage,5
1100,2026-05-21,2026-08-19,percentage,5
6798,2025-08-18,2026-08-18,percentage,100
7613,2026-05-22,2026-08-20,percentage,20
11989,2026-05-30,2026-08-28,percentage,15
5210,2025-04-15,2030-01-01,fixed,13
5214,2025-04-15,2030-01-01,fixed,13
5215,2025-04-15,2030-01-01,fixed,13
5218,2025-04-15,2030-01-01,fixed,13
5223,2025-04-15,2030-01-01,fixed,13
5225,2025-04-15,2030-01-01,fixed,13
5231,2025-04-15,2030-01-01,fixed,13
11982,2026-05-24,2026-07-23,percentage,5
3143,2025-03-03,2030-01-01,fixed,13
399,2026-04-15,2026-09-01,percentage,15
6356,2026-04-15,2026-12-31,percentage,10
3148,2025-03-04,2030-01-01,fixed,13
11995,2026-05-25,2026-07-24,percentage,5
745,2024-03-13,2051-07-30,percentage,15
777,2024-03-13,2051-07-30,percentage,36.35
7267,2026-05-26,2026-08-24,percentage,20
7267,2026-05-26,2026-08-24,percentage,20
11981,2026-05-26,2026-08-24,percentage,35
11981,2026-05-26,2027-05-26,percentage,100
11981,2026-05-26,2026-08-24,percentage,35
11981,2026-05-26,2027-05-26,percentage,100
12006,2026-05-26,2026-08-24,percentage,5
5228,2025-04-16,2030-01-01,fixed,13
5229,2025-04-16,2030-01-01,fixed,13
12014,2026-05-27,2026-08-25,percentage,15
11659,2026-05-27,2026-08-25,percentage,20
9339,2026-04-16,2026-07-21,percentage,100
507,2025-03-06,2030-01-01,fixed,13
528,2025-03-06,2030-01-01,fixed,13
530,2025-03-06,2030-01-01,fixed,13
3148,2025-03-06,2030-01-01,fixed,13
9446,2025-11-25,2026-11-25,percentage,100
11497,2026-05-27,2026-08-25,percentage,15
9162,2025-11-07,2026-11-07,percentage,100
8013,2025-09-29,2030-01-01,fixed,13
493,2025-03-29,2030-01-01,fixed,13
499,2025-03-29,2030-01-01,fixed,13
131,2025-03-29,2030-01-01,fixed,13
97,2025-03-29,2030-01-01,fixed,13
98,2025-03-29,2030-01-01,fixed,13
104,2025-03-29,2030-01-01,fixed,13
105,2025-03-29,2030-01-01,fixed,13
106,2025-03-29,2030-01-01,fixed,13
107,2025-03-29,2030-01-01,fixed,13
108,2025-03-29,2030-01-01,fixed,13
109,2025-03-29,2030-01-01,fixed,13
135,2025-03-29,2030-01-01,fixed,13
141,2025-03-29,2030-01-01,fixed,13
145,2025-03-29,2030-01-01,fixed,13
147,2025-03-29,2030-01-01,fixed,13
148,2025-03-29,2030-01-01,fixed,13
149,2025-03-29,2030-01-01,fixed,13
146,2025-03-29,2030-01-01,fixed,13
150,2025-03-29,2030-01-01,fixed,13
151,2025-03-29,2030-01-01,fixed,13
152,2025-03-29,2030-01-01,fixed,13
157,2025-03-29,2030-01-01,fixed,13
158,2025-03-29,2030-01-01,fixed,13
159,2025-03-29,2030-01-01,fixed,13
160,2025-03-29,2030-01-01,fixed,13
162,2025-03-29,2030-01-01,fixed,13
1370,2025-03-29,2030-01-01,fixed,13
1377,2025-03-29,2030-01-01,fixed,13
184,2025-03-29,2030-01-01,fixed,13
161,2025-03-29,2030-01-01,fixed,13
195,2025-03-29,2030-01-01,fixed,13
198,2025-03-29,2030-01-01,fixed,13
163,2025-03-29,2030-01-01,fixed,13
219,2025-03-29,2030-01-01,fixed,13
176,2025-03-29,2030-01-01,fixed,13
156,2025-03-29,2030-01-01,fixed,13
183,2025-03-29,2030-01-01,fixed,13
259,2025-03-29,2030-01-01,fixed,13
302,2025-03-29,2030-01-01,fixed,13
312,2025-03-29,2030-01-01,fixed,13
268,2025-03-29,2030-01-01,fixed,13
287,2025-03-29,2030-01-01,fixed,13
269,2025-03-29,2030-01-01,fixed,13
270,2025-03-29,2030-01-01,fixed,13
311,2025-03-29,2030-01-01,fixed,13
290,2025-03-29,2030-01-01,fixed,13
273,2025-03-29,2030-01-01,fixed,13
304,2025-03-29,2030-01-01,fixed,13
307,2025-03-29,2030-01-01,fixed,13
313,2025-03-29,2030-01-01,fixed,13
323,2025-03-29,2030-01-01,fixed,13
337,2025-03-29,2030-01-01,fixed,13
309,2025-03-29,2030-01-01,fixed,13
354,2025-03-29,2030-01-01,fixed,13
360,2025-03-29,2030-01-01,fixed,13
363,2025-03-29,2030-01-01,fixed,13
370,2025-03-29,2030-01-01,fixed,13
424,2025-03-29,2030-01-01,fixed,13
385,2025-03-29,2030-01-01,fixed,13
373,2025-03-29,2030-01-01,fixed,13
377,2025-03-29,2030-01-01,fixed,13
359,2025-03-29,2030-01-01,fixed,13
413,2025-03-29,2030-01-01,fixed,13
426,2025-03-29,2030-01-01,fixed,13
537,2025-03-29,2030-01-01,fixed,13
658,2025-03-29,2030-01-01,fixed,13
744,2025-03-29,2030-01-01,fixed,13
380,2025-03-29,2030-01-01,fixed,13
811,2025-03-29,2030-01-01,fixed,13
101,2025-03-29,2030-01-01,fixed,13
961,2025-03-29,2030-01-01,fixed,13
1013,2025-03-29,2030-01-01,fixed,13
1139,2025-03-29,2030-01-01,fixed,13
1140,2025-03-29,2030-01-01,fixed,13
1049,2025-03-29,2030-01-01,fixed,13
1110,2025-03-29,2030-01-01,fixed,13
372,2025-03-29,2030-01-01,fixed,13
1145,2025-03-29,2030-01-01,fixed,13
1146,2025-03-29,2030-01-01,fixed,13
1149,2025-03-29,2030-01-01,fixed,13
1148,2025-03-29,2030-01-01,fixed,13
1156,2025-03-29,2030-01-01,fixed,13
1230,2025-03-29,2030-01-01,fixed,13
1319,2025-03-29,2030-01-01,fixed,13
1320,2025-03-29,2030-01-01,fixed,13
1349,2025-03-29,2030-01-01,fixed,13
1339,2025-03-29,2030-01-01,fixed,13
1341,2025-03-29,2030-01-01,fixed,13
1343,2025-03-29,2030-01-01,fixed,13
1344,2025-03-29,2030-01-01,fixed,13
1346,2025-03-29,2030-01-01,fixed,13
1347,2025-03-29,2030-01-01,fixed,13
1364,2025-03-29,2030-01-01,fixed,13
1366,2025-03-29,2030-01-01,fixed,13
1338,2025-03-29,2030-01-01,fixed,13
1406,2025-03-29,2030-01-01,fixed,13
1487,2025-03-29,2030-01-01,fixed,13
1488,2025-03-29,2030-01-01,fixed,13
154,2025-03-29,2030-01-01,fixed,13
1575,2025-03-29,2030-01-01,fixed,13
1578,2025-03-29,2030-01-01,fixed,13
1590,2025-03-29,2030-01-01,fixed,13
140,2025-03-29,2030-01-01,fixed,13
1577,2025-03-29,2030-01-01,fixed,13
1635,2025-03-29,2030-01-01,fixed,13
1638,2025-03-29,2030-01-01,fixed,13
1652,2025-03-29,2030-01-01,fixed,13
1653,2025-03-29,2030-01-01,fixed,13
1658,2025-03-29,2030-01-01,fixed,13
1659,2025-03-29,2030-01-01,fixed,13
1660,2025-03-29,2030-01-01,fixed,13
1663,2025-03-29,2030-01-01,fixed,13
1677,2025-03-29,2030-01-01,fixed,13
1690,2025-03-29,2030-01-01,fixed,13
1711,2025-03-29,2030-01-01,fixed,13
1738,2025-03-29,2030-01-01,fixed,13
1736,2025-03-29,2030-01-01,fixed,13
1762,2025-03-29,2030-01-01,fixed,13
1887,2025-03-29,2030-01-01,fixed,13
1867,2025-03-29,2030-01-01,fixed,13
1913,2025-03-29,2030-01-01,fixed,13
1940,2025-03-29,2030-01-01,fixed,13
1949,2025-03-29,2030-01-01,fixed,13
2046,2025-03-29,2030-01-01,fixed,13
2211,2025-03-29,2030-01-01,fixed,13
2272,2025-03-29,2030-01-01,fixed,13
2435,2025-03-29,2030-01-01,fixed,13
2432,2025-03-29,2030-01-01,fixed,13
2454,2025-03-29,2030-01-01,fixed,13
2458,2025-03-29,2030-01-01,fixed,13
2426,2025-03-29,2030-01-01,fixed,13
2500,2025-03-29,2030-01-01,fixed,13
2550,2025-03-29,2030-01-01,fixed,13
2626,2025-03-29,2030-01-01,fixed,13
182,2025-03-29,2030-01-01,fixed,13
2717,2025-03-29,2030-01-01,fixed,13
2769,2025-03-29,2030-01-01,fixed,13
2806,2025-03-29,2030-01-01,fixed,13
2831,2025-03-29,2030-01-01,fixed,13
2843,2025-03-29,2030-01-01,fixed,13
2882,2025-03-29,2030-01-01,fixed,13
2889,2025-03-29,2030-01-01,fixed,13
2890,2025-03-29,2030-01-01,fixed,13
2899,2025-03-29,2030-01-01,fixed,13
2946,2025-03-29,2030-01-01,fixed,13
2941,2025-03-29,2030-01-01,fixed,13
2942,2025-03-29,2030-01-01,fixed,13
2943,2025-03-29,2030-01-01,fixed,13
2947,2025-03-29,2030-01-01,fixed,13
2954,2025-03-29,2030-01-01,fixed,13
2962,2025-03-29,2030-01-01,fixed,13
2886,2025-03-29,2030-01-01,fixed,13
3023,2025-03-29,2030-01-01,fixed,13
3097,2025-03-29,2030-01-01,fixed,13
3108,2025-03-29,2030-01-01,fixed,13
3109,2025-03-29,2030-01-01,fixed,13
3111,2025-03-29,2030-01-01,fixed,13
3177,2025-03-29,2030-01-01,fixed,13
3120,2025-03-29,2030-01-01,fixed,13
3127,2025-03-29,2030-01-01,fixed,13
3130,2025-03-29,2030-01-01,fixed,13
3155,2025-03-29,2030-01-01,fixed,13
3179,2025-03-29,2030-01-01,fixed,13
3180,2025-03-29,2030-01-01,fixed,13
3162,2025-03-29,2030-01-01,fixed,13
3167,2025-03-29,2030-01-01,fixed,13
3169,2025-03-29,2030-01-01,fixed,13
3172,2025-03-29,2030-01-01,fixed,13
3175,2025-03-29,2030-01-01,fixed,13
3185,2025-03-29,2030-01-01,fixed,13
3186,2025-03-29,2030-01-01,fixed,13
3187,2025-03-29,2030-01-01,fixed,13
3527,2025-03-29,2030-01-01,fixed,13
3531,2025-03-29,2030-01-01,fixed,13
3188,2025-03-29,2030-01-01,fixed,13
3534,2025-03-29,2030-01-01,fixed,13
352,2025-03-29,2030-01-01,fixed,13
3551,2025-03-29,2030-01-01,fixed,13
3552,2025-03-29,2030-01-01,fixed,13
3553,2025-03-29,2030-01-01,fixed,13
3554,2025-03-29,2030-01-01,fixed,13
3533,2025-03-29,2030-01-01,fixed,13
3565,2025-03-29,2030-01-01,fixed,13
3571,2025-03-29,2030-01-01,fixed,13
3575,2025-03-29,2030-01-01,fixed,13
3532,2025-03-29,2030-01-01,fixed,13
3589,2025-03-29,2030-01-01,fixed,13
3617,2025-03-29,2030-01-01,fixed,13
3618,2025-03-29,2030-01-01,fixed,13
3620,2025-03-29,2030-01-01,fixed,13
3621,2025-03-29,2030-01-01,fixed,13
3622,2025-03-29,2030-01-01,fixed,13
3623,2025-03-29,2030-01-01,fixed,13
3624,2025-03-29,2030-01-01,fixed,13
3625,2025-03-29,2030-01-01,fixed,13
3626,2025-03-29,2030-01-01,fixed,13
3627,2025-03-29,2030-01-01,fixed,13
3628,2025-03-29,2030-01-01,fixed,13
3629,2025-03-29,2030-01-01,fixed,13
3630,2025-03-29,2030-01-01,fixed,13
3631,2025-03-29,2030-01-01,fixed,13
3632,2025-03-29,2030-01-01,fixed,13
3633,2025-03-29,2030-01-01,fixed,13
3634,2025-03-29,2030-01-01,fixed,13
3635,2025-03-29,2030-01-01,fixed,13
3636,2025-03-29,2030-01-01,fixed,13
3637,2025-03-29,2030-01-01,fixed,13
3639,2025-03-29,2030-01-01,fixed,13
3640,2025-03-29,2030-01-01,fixed,13
3641,2025-03-29,2030-01-01,fixed,13
3642,2025-03-29,2030-01-01,fixed,13
3643,2025-03-29,2030-01-01,fixed,13
3644,2025-03-29,2030-01-01,fixed,13
3645,2025-03-29,2030-01-01,fixed,13
3646,2025-03-29,2030-01-01,fixed,13
3647,2025-03-29,2030-01-01,fixed,13
3648,2025-03-29,2030-01-01,fixed,13
3649,2025-03-29,2030-01-01,fixed,13
3650,2025-03-29,2030-01-01,fixed,13
3651,2025-03-29,2030-01-01,fixed,13
3652,2025-03-29,2030-01-01,fixed,13
3653,2025-03-29,2030-01-01,fixed,13
3657,2025-03-29,2030-01-01,fixed,13
3658,2025-03-29,2030-01-01,fixed,13
3659,2025-03-29,2030-01-01,fixed,13
3660,2025-03-29,2030-01-01,fixed,13
3662,2025-03-29,2030-01-01,fixed,13
3663,2025-03-29,2030-01-01,fixed,13
3664,2025-03-29,2030-01-01,fixed,13
3665,2025-03-29,2030-01-01,fixed,13
3666,2025-03-29,2030-01-01,fixed,13
3667,2025-03-29,2030-01-01,fixed,13
3668,2025-03-29,2030-01-01,fixed,13
3669,2025-03-29,2030-01-01,fixed,13
3670,2025-03-29,2030-01-01,fixed,13
3671,2025-03-29,2030-01-01,fixed,13
3672,2025-03-29,2030-01-01,fixed,13
3673,2025-03-29,2030-01-01,fixed,13
3674,2025-03-29,2030-01-01,fixed,13
3675,2025-03-29,2030-01-01,fixed,13
3676,2025-03-29,2030-01-01,fixed,13
3679,2025-03-29,2030-01-01,fixed,13
3680,2025-03-29,2030-01-01,fixed,13
3681,2025-03-29,2030-01-01,fixed,13
3682,2025-03-29,2030-01-01,fixed,13
3683,2025-03-29,2030-01-01,fixed,13
3684,2025-03-29,2030-01-01,fixed,13
3685,2025-03-29,2030-01-01,fixed,13
3686,2025-03-29,2030-01-01,fixed,13
3687,2025-03-29,2030-01-01,fixed,13
3688,2025-03-29,2030-01-01,fixed,13
3689,2025-03-29,2030-01-01,fixed,13
3690,2025-03-29,2030-01-01,fixed,13
3691,2025-03-29,2030-01-01,fixed,13
3694,2025-03-29,2030-01-01,fixed,13
3696,2025-03-29,2030-01-01,fixed,13
3697,2025-03-29,2030-01-01,fixed,13
3698,2025-03-29,2030-01-01,fixed,13
3699,2025-03-29,2030-01-01,fixed,13
3700,2025-03-29,2030-01-01,fixed,13
3701,2025-03-29,2030-01-01,fixed,13
3702,2025-03-29,2030-01-01,fixed,13
3703,2025-03-29,2030-01-01,fixed,13
3704,2025-03-29,2030-01-01,fixed,13
3705,2025-03-29,2030-01-01,fixed,13
3706,2025-03-29,2030-01-01,fixed,13
3707,2025-03-29,2030-01-01,fixed,13
3708,2025-03-29,2030-01-01,fixed,13
3709,2025-03-29,2030-01-01,fixed,13
3710,2025-03-29,2030-01-01,fixed,13
1147,2025-03-29,2030-01-01,fixed,13
3174,2025-03-29,2030-01-01,fixed,13
3170,2025-03-29,2030-01-01,fixed,13
3677,2025-03-29,2030-01-01,fixed,13
3655,2025-03-29,2030-01-01,fixed,13
3638,2025-03-29,2030-01-01,fixed,13
3537,2025-03-29,2030-01-01,fixed,13
3661,2025-03-29,2030-01-01,fixed,13
3678,2025-03-29,2030-01-01,fixed,13
3656,2025-03-29,2030-01-01,fixed,13
7652,2025-10-18,2026-10-18,percentage,100
5252,2025-04-17,2030-01-01,fixed,13
1161,2025-03-08,2030-01-01,fixed,13
846,2025-03-08,2030-01-01,fixed,13
810,2025-03-08,2030-01-01,fixed,13
868,2025-03-08,2030-01-01,fixed,13
823,2025-03-08,2030-01-01,fixed,13
1716,2025-03-08,2030-01-01,fixed,13
824,2025-03-08,2030-01-01,fixed,13
974,2025-03-08,2030-01-01,fixed,13
890,2025-03-08,2030-01-01,fixed,13
1088,2025-03-08,2030-01-01,fixed,13
996,2025-03-08,2030-01-01,fixed,13
826,2025-03-08,2030-01-01,fixed,13
871,2025-03-08,2030-01-01,fixed,13
970,2025-03-08,2030-01-01,fixed,13
937,2025-03-08,2030-01-01,fixed,13
873,2025-03-08,2030-01-01,fixed,13
1091,2025-03-08,2030-01-01,fixed,13
816,2025-03-08,2030-01-01,fixed,13
864,2025-03-08,2030-01-01,fixed,13
875,2025-03-08,2030-01-01,fixed,13
1094,2025-03-08,2030-01-01,fixed,13
817,2025-03-08,2030-01-01,fixed,13
831,2025-03-08,2030-01-01,fixed,13
865,2025-03-08,2030-01-01,fixed,13
821,2025-03-08,2030-01-01,fixed,13
1060,2025-03-08,2030-01-01,fixed,13
818,2025-03-08,2030-01-01,fixed,13
828,2025-03-08,2030-01-01,fixed,13
976,2025-03-08,2030-01-01,fixed,13
1475,2025-03-08,2030-01-01,fixed,13
1314,2025-03-08,2030-01-01,fixed,13
1476,2025-03-08,2030-01-01,fixed,13
1092,2025-03-08,2030-01-01,fixed,13
1854,2025-03-08,2030-01-01,fixed,13
1291,2025-03-08,2030-01-01,fixed,13
1911,2025-03-08,2030-01-01,fixed,13
1953,2025-03-08,2030-01-01,fixed,13
2341,2025-03-08,2030-01-01,fixed,13
2288,2025-03-08,2030-01-01,fixed,13
2431,2025-03-08,2030-01-01,fixed,13
2511,2025-03-08,2030-01-01,fixed,13
2708,2025-03-08,2030-01-01,fixed,13
2712,2025-03-08,2030-01-01,fixed,13
2906,2025-03-08,2030-01-01,fixed,13
2875,2025-03-08,2030-01-01,fixed,13
2904,2025-03-08,2030-01-01,fixed,13
2917,2025-03-08,2030-01-01,fixed,13
3264,2025-03-08,2030-01-01,fixed,13
3245,2025-03-08,2030-01-01,fixed,13
2983,2025-03-08,2030-01-01,fixed,13
2982,2025-03-08,2030-01-01,fixed,13
3117,2025-03-08,2030-01-01,fixed,13
3112,2025-03-08,2030-01-01,fixed,13
3210,2025-03-08,2030-01-01,fixed,13
3211,2025-03-08,2030-01-01,fixed,13
3198,2025-03-08,2030-01-01,fixed,13
3268,2025-03-08,2030-01-01,fixed,13
3299,2025-03-08,2030-01-01,fixed,13
3345,2025-03-08,2030-01-01,fixed,13
3347,2025-03-08,2030-01-01,fixed,13
3422,2025-03-08,2030-01-01,fixed,13
3499,2025-03-08,2030-01-01,fixed,13
3500,2025-03-08,2030-01-01,fixed,13
3466,2025-03-08,2030-01-01,fixed,13
3480,2025-03-08,2030-01-01,fixed,13
3487,2025-03-08,2030-01-01,fixed,13
3494,2025-03-08,2030-01-01,fixed,13
3503,2025-03-08,2030-01-01,fixed,13
3510,2025-03-08,2030-01-01,fixed,13
3517,2025-03-08,2030-01-01,fixed,13
3473,2025-03-08,2030-01-01,fixed,13
3505,2025-03-08,2030-01-01,fixed,13
3410,2025-03-08,2030-01-01,fixed,13
835,2025-03-08,2030-01-01,fixed,13
870,2025-03-08,2030-01-01,fixed,13
975,2025-03-08,2030-01-01,fixed,13
911,2025-03-08,2030-01-01,fixed,13
861,2025-03-08,2030-01-01,fixed,13
872,2025-03-08,2030-01-01,fixed,13
971,2025-03-08,2030-01-01,fixed,13
962,2025-03-08,2030-01-01,fixed,13
829,2025-03-08,2030-01-01,fixed,13
884,2025-03-08,2030-01-01,fixed,13
863,2025-03-08,2030-01-01,fixed,13
2606,2025-03-08,2030-01-01,fixed,13
866,2025-03-08,2030-01-01,fixed,13
1097,2025-03-08,2030-01-01,fixed,13
833,2025-03-08,2030-01-01,fixed,13
845,2025-03-08,2030-01-01,fixed,13
867,2025-03-08,2030-01-01,fixed,13
973,2025-03-08,2030-01-01,fixed,13
2905,2025-03-08,2030-01-01,fixed,13
3248,2025-03-08,2030-01-01,fixed,13
3243,2025-03-08,2030-01-01,fixed,13
3249,2025-03-08,2030-01-01,fixed,13
3244,2025-03-08,2030-01-01,fixed,13
3246,2025-03-08,2030-01-01,fixed,13
3247,2025-03-08,2030-01-01,fixed,13
3251,2025-03-08,2030-01-01,fixed,13
3252,2025-03-08,2030-01-01,fixed,13
3253,2025-03-08,2030-01-01,fixed,13
3254,2025-03-08,2030-01-01,fixed,13
3255,2025-03-08,2030-01-01,fixed,13
3256,2025-03-08,2030-01-01,fixed,13
3258,2025-03-08,2030-01-01,fixed,13
3259,2025-03-08,2030-01-01,fixed,13
3260,2025-03-08,2030-01-01,fixed,13
3261,2025-03-08,2030-01-01,fixed,13
3263,2025-03-08,2030-01-01,fixed,13
3262,2025-03-08,2030-01-01,fixed,13
3266,2025-03-08,2030-01-01,fixed,13
2979,2025-03-08,2030-01-01,fixed,13
855,2025-03-08,2030-01-01,fixed,13
3129,2025-03-08,2030-01-01,fixed,13
869,2025-03-08,2030-01-01,fixed,13
3199,2025-03-08,2030-01-01,fixed,13
3200,2025-03-08,2030-01-01,fixed,13
3201,2025-03-08,2030-01-01,fixed,13
3202,2025-03-08,2030-01-01,fixed,13
3203,2025-03-08,2030-01-01,fixed,13
3204,2025-03-08,2030-01-01,fixed,13
3205,2025-03-08,2030-01-01,fixed,13
3206,2025-03-08,2030-01-01,fixed,13
3213,2025-03-08,2030-01-01,fixed,13
3214,2025-03-08,2030-01-01,fixed,13
3215,2025-03-08,2030-01-01,fixed,13
3216,2025-03-08,2030-01-01,fixed,13
3217,2025-03-08,2030-01-01,fixed,13
3218,2025-03-08,2030-01-01,fixed,13
3220,2025-03-08,2030-01-01,fixed,13
3221,2025-03-08,2030-01-01,fixed,13
3222,2025-03-08,2030-01-01,fixed,13
3223,2025-03-08,2030-01-01,fixed,13
3224,2025-03-08,2030-01-01,fixed,13
3225,2025-03-08,2030-01-01,fixed,13
3227,2025-03-08,2030-01-01,fixed,13
3228,2025-03-08,2030-01-01,fixed,13
3229,2025-03-08,2030-01-01,fixed,13
3230,2025-03-08,2030-01-01,fixed,13
3231,2025-03-08,2030-01-01,fixed,13
3232,2025-03-08,2030-01-01,fixed,13
3234,2025-03-08,2030-01-01,fixed,13
3235,2025-03-08,2030-01-01,fixed,13
3236,2025-03-08,2030-01-01,fixed,13
3237,2025-03-08,2030-01-01,fixed,13
3239,2025-03-08,2030-01-01,fixed,13
3241,2025-03-08,2030-01-01,fixed,13
3270,2025-03-08,2030-01-01,fixed,13
3271,2025-03-08,2030-01-01,fixed,13
3272,2025-03-08,2030-01-01,fixed,13
3273,2025-03-08,2030-01-01,fixed,13
3274,2025-03-08,2030-01-01,fixed,13
3275,2025-03-08,2030-01-01,fixed,13
3277,2025-03-08,2030-01-01,fixed,13
3278,2025-03-08,2030-01-01,fixed,13
3279,2025-03-08,2030-01-01,fixed,13
3280,2025-03-08,2030-01-01,fixed,13
3281,2025-03-08,2030-01-01,fixed,13
3282,2025-03-08,2030-01-01,fixed,13
3284,2025-03-08,2030-01-01,fixed,13
3285,2025-03-08,2030-01-01,fixed,13
3287,2025-03-08,2030-01-01,fixed,13
3288,2025-03-08,2030-01-01,fixed,13
3289,2025-03-08,2030-01-01,fixed,13
3291,2025-03-08,2030-01-01,fixed,13
3292,2025-03-08,2030-01-01,fixed,13
3293,2025-03-08,2030-01-01,fixed,13
3294,2025-03-08,2030-01-01,fixed,13
3295,2025-03-08,2030-01-01,fixed,13
3306,2025-03-08,2030-01-01,fixed,13
3297,2025-03-08,2030-01-01,fixed,13
3296,2025-03-08,2030-01-01,fixed,13
3300,2025-03-08,2030-01-01,fixed,13
3301,2025-03-08,2030-01-01,fixed,13
3302,2025-03-08,2030-01-01,fixed,13
3303,2025-03-08,2030-01-01,fixed,13
3304,2025-03-08,2030-01-01,fixed,13
3307,2025-03-08,2030-01-01,fixed,13
3308,2025-03-08,2030-01-01,fixed,13
3309,2025-03-08,2030-01-01,fixed,13
3310,2025-03-08,2030-01-01,fixed,13
3311,2025-03-08,2030-01-01,fixed,13
3313,2025-03-08,2030-01-01,fixed,13
3314,2025-03-08,2030-01-01,fixed,13
3315,2025-03-08,2030-01-01,fixed,13
3317,2025-03-08,2030-01-01,fixed,13
3318,2025-03-08,2030-01-01,fixed,13
3320,2025-03-08,2030-01-01,fixed,13
3321,2025-03-08,2030-01-01,fixed,13
3322,2025-03-08,2030-01-01,fixed,13
3323,2025-03-08,2030-01-01,fixed,13
3324,2025-03-08,2030-01-01,fixed,13
3325,2025-03-08,2030-01-01,fixed,13
3327,2025-03-08,2030-01-01,fixed,13
3328,2025-03-08,2030-01-01,fixed,13
3329,2025-03-08,2030-01-01,fixed,13
3330,2025-03-08,2030-01-01,fixed,13
3331,2025-03-08,2030-01-01,fixed,13
3332,2025-03-08,2030-01-01,fixed,13
3334,2025-03-08,2030-01-01,fixed,13
3335,2025-03-08,2030-01-01,fixed,13
3336,2025-03-08,2030-01-01,fixed,13
3337,2025-03-08,2030-01-01,fixed,13
3338,2025-03-08,2030-01-01,fixed,13
3340,2025-03-08,2030-01-01,fixed,13
3341,2025-03-08,2030-01-01,fixed,13
3342,2025-03-08,2030-01-01,fixed,13
3343,2025-03-08,2030-01-01,fixed,13
3267,2025-03-08,2030-01-01,fixed,13
3348,2025-03-08,2030-01-01,fixed,13
3349,2025-03-08,2030-01-01,fixed,13
3350,2025-03-08,2030-01-01,fixed,13
3351,2025-03-08,2030-01-01,fixed,13
3352,2025-03-08,2030-01-01,fixed,13
3354,2025-03-08,2030-01-01,fixed,13
3355,2025-03-08,2030-01-01,fixed,13
3356,2025-03-08,2030-01-01,fixed,13
3357,2025-03-08,2030-01-01,fixed,13
3358,2025-03-08,2030-01-01,fixed,13
3359,2025-03-08,2030-01-01,fixed,13
3361,2025-03-08,2030-01-01,fixed,13
3362,2025-03-08,2030-01-01,fixed,13
3363,2025-03-08,2030-01-01,fixed,13
3365,2025-03-08,2030-01-01,fixed,13
3366,2025-03-08,2030-01-01,fixed,13
3368,2025-03-08,2030-01-01,fixed,13
3369,2025-03-08,2030-01-01,fixed,13
3370,2025-03-08,2030-01-01,fixed,13
3371,2025-03-08,2030-01-01,fixed,13
3372,2025-03-08,2030-01-01,fixed,13
3373,2025-03-08,2030-01-01,fixed,13
3375,2025-03-08,2030-01-01,fixed,13
3376,2025-03-08,2030-01-01,fixed,13
3377,2025-03-08,2030-01-01,fixed,13
3379,2025-03-08,2030-01-01,fixed,13
3364,2025-03-08,2030-01-01,fixed,13
3382,2025-03-08,2030-01-01,fixed,13
3383,2025-03-08,2030-01-01,fixed,13
3384,2025-03-08,2030-01-01,fixed,13
3385,2025-03-08,2030-01-01,fixed,13
3386,2025-03-08,2030-01-01,fixed,13
3387,2025-03-08,2030-01-01,fixed,13
3389,2025-03-08,2030-01-01,fixed,13
3390,2025-03-08,2030-01-01,fixed,13
3391,2025-03-08,2030-01-01,fixed,13
3392,2025-03-08,2030-01-01,fixed,13
3393,2025-03-08,2030-01-01,fixed,13
3394,2025-03-08,2030-01-01,fixed,13
3396,2025-03-08,2030-01-01,fixed,13
3397,2025-03-08,2030-01-01,fixed,13
3398,2025-03-08,2030-01-01,fixed,13
3399,2025-03-08,2030-01-01,fixed,13
3400,2025-03-08,2030-01-01,fixed,13
3401,2025-03-08,2030-01-01,fixed,13
3403,2025-03-08,2030-01-01,fixed,13
3405,2025-03-08,2030-01-01,fixed,13
3406,2025-03-08,2030-01-01,fixed,13
3408,2025-03-08,2030-01-01,fixed,13
3411,2025-03-08,2030-01-01,fixed,13
3412,2025-03-08,2030-01-01,fixed,13
3413,2025-03-08,2030-01-01,fixed,13
3414,2025-03-08,2030-01-01,fixed,13
3415,2025-03-08,2030-01-01,fixed,13
3418,2025-03-08,2030-01-01,fixed,13
3419,2025-03-08,2030-01-01,fixed,13
3420,2025-03-08,2030-01-01,fixed,13
3344,2025-03-08,2030-01-01,fixed,13
3479,2025-03-08,2030-01-01,fixed,13
3424,2025-03-08,2030-01-01,fixed,13
3425,2025-03-08,2030-01-01,fixed,13
3426,2025-03-08,2030-01-01,fixed,13
3427,2025-03-08,2030-01-01,fixed,13
3428,2025-03-08,2030-01-01,fixed,13
3430,2025-03-08,2030-01-01,fixed,13
3432,2025-03-08,2030-01-01,fixed,13
3433,2025-03-08,2030-01-01,fixed,13
3434,2025-03-08,2030-01-01,fixed,13
3435,2025-03-08,2030-01-01,fixed,13
3436,2025-03-08,2030-01-01,fixed,13
3437,2025-03-08,2030-01-01,fixed,13
3439,2025-03-08,2030-01-01,fixed,13
3440,2025-03-08,2030-01-01,fixed,13
3441,2025-03-08,2030-01-01,fixed,13
3442,2025-03-08,2030-01-01,fixed,13
3443,2025-03-08,2030-01-01,fixed,13
3444,2025-03-08,2030-01-01,fixed,13
3446,2025-03-08,2030-01-01,fixed,13
3447,2025-03-08,2030-01-01,fixed,13
3448,2025-03-08,2030-01-01,fixed,13
3449,2025-03-08,2030-01-01,fixed,13
3450,2025-03-08,2030-01-01,fixed,13
3451,2025-03-08,2030-01-01,fixed,13
3453,2025-03-08,2030-01-01,fixed,13
3454,2025-03-08,2030-01-01,fixed,13
3455,2025-03-08,2030-01-01,fixed,13
3456,2025-03-08,2030-01-01,fixed,13
3457,2025-03-08,2030-01-01,fixed,13
3458,2025-03-08,2030-01-01,fixed,13
3476,2025-03-08,2030-01-01,fixed,13
3461,2025-03-08,2030-01-01,fixed,13
3462,2025-03-08,2030-01-01,fixed,13
3463,2025-03-08,2030-01-01,fixed,13
3464,2025-03-08,2030-01-01,fixed,13
3465,2025-03-08,2030-01-01,fixed,13
3467,2025-03-08,2030-01-01,fixed,13
3468,2025-03-08,2030-01-01,fixed,13
3469,2025-03-08,2030-01-01,fixed,13
3470,2025-03-08,2030-01-01,fixed,13
3471,2025-03-08,2030-01-01,fixed,13
3472,2025-03-08,2030-01-01,fixed,13
3474,2025-03-08,2030-01-01,fixed,13
3475,2025-03-08,2030-01-01,fixed,13
3477,2025-03-08,2030-01-01,fixed,13
3478,2025-03-08,2030-01-01,fixed,13
3429,2025-03-08,2030-01-01,fixed,13
3481,2025-03-08,2030-01-01,fixed,13
3482,2025-03-08,2030-01-01,fixed,13
3483,2025-03-08,2030-01-01,fixed,13
3484,2025-03-08,2030-01-01,fixed,13
3485,2025-03-08,2030-01-01,fixed,13
3486,2025-03-08,2030-01-01,fixed,13
3488,2025-03-08,2030-01-01,fixed,13
3489,2025-03-08,2030-01-01,fixed,13
3490,2025-03-08,2030-01-01,fixed,13
3491,2025-03-08,2030-01-01,fixed,13
3492,2025-03-08,2030-01-01,fixed,13
3493,2025-03-08,2030-01-01,fixed,13
3495,2025-03-08,2030-01-01,fixed,13
3496,2025-03-08,2030-01-01,fixed,13
3497,2025-03-08,2030-01-01,fixed,13
3421,2025-03-08,2030-01-01,fixed,13
3501,2025-03-08,2030-01-01,fixed,13
3502,2025-03-08,2030-01-01,fixed,13
3459,2025-03-08,2030-01-01,fixed,13
3504,2025-03-08,2030-01-01,fixed,13
3506,2025-03-08,2030-01-01,fixed,13
3507,2025-03-08,2030-01-01,fixed,13
3508,2025-03-08,2030-01-01,fixed,13
3509,2025-03-08,2030-01-01,fixed,13
3511,2025-03-08,2030-01-01,fixed,13
3512,2025-03-08,2030-01-01,fixed,13
3513,2025-03-08,2030-01-01,fixed,13
3514,2025-03-08,2030-01-01,fixed,13
3515,2025-03-08,2030-01-01,fixed,13
3516,2025-03-08,2030-01-01,fixed,13
3518,2025-03-08,2030-01-01,fixed,13
3519,2025-03-08,2030-01-01,fixed,13
3520,2025-03-08,2030-01-01,fixed,13
3521,2025-03-08,2030-01-01,fixed,13
3522,2025-03-08,2030-01-01,fixed,13
3523,2025-03-08,2030-01-01,fixed,13
3525,2025-03-08,2030-01-01,fixed,13
3526,2025-03-08,2030-01-01,fixed,13
834,2025-03-08,2030-01-01,fixed,13
840,2025-03-08,2030-01-01,fixed,13
3242,2025-03-08,2030-01-01,fixed,13
3250,2025-03-08,2030-01-01,fixed,13
3257,2025-03-08,2030-01-01,fixed,13
3265,2025-03-08,2030-01-01,fixed,13
3207,2025-03-08,2030-01-01,fixed,13
3209,2025-03-08,2030-01-01,fixed,13
3212,2025-03-08,2030-01-01,fixed,13
3226,2025-03-08,2030-01-01,fixed,13
3233,2025-03-08,2030-01-01,fixed,13
3240,2025-03-08,2030-01-01,fixed,13
3269,2025-03-08,2030-01-01,fixed,13
3276,2025-03-08,2030-01-01,fixed,13
3283,2025-03-08,2030-01-01,fixed,13
3409,2025-03-08,2030-01-01,fixed,13
3290,2025-03-08,2030-01-01,fixed,13
3298,2025-03-08,2030-01-01,fixed,13
3219,2025-03-08,2030-01-01,fixed,13
3305,2025-03-08,2030-01-01,fixed,13
3312,2025-03-08,2030-01-01,fixed,13
3319,2025-03-08,2030-01-01,fixed,13
3326,2025-03-08,2030-01-01,fixed,13
3333,2025-03-08,2030-01-01,fixed,13
3339,2025-03-08,2030-01-01,fixed,13
3346,2025-03-08,2030-01-01,fixed,13
3353,2025-03-08,2030-01-01,fixed,13
3360,2025-03-08,2030-01-01,fixed,13
3367,2025-03-08,2030-01-01,fixed,13
3374,2025-03-08,2030-01-01,fixed,13
3381,2025-03-08,2030-01-01,fixed,13
3388,2025-03-08,2030-01-01,fixed,13
3395,2025-03-08,2030-01-01,fixed,13
3402,2025-03-08,2030-01-01,fixed,13
3417,2025-03-08,2030-01-01,fixed,13
3423,2025-03-08,2030-01-01,fixed,13
3431,2025-03-08,2030-01-01,fixed,13
3438,2025-03-08,2030-01-01,fixed,13
3445,2025-03-08,2030-01-01,fixed,13
3452,2025-03-08,2030-01-01,fixed,13
3498,2025-03-08,2030-01-01,fixed,13
3524,2025-03-08,2030-01-01,fixed,13
3460,2025-03-08,2030-01-01,fixed,13
3380,2025-03-08,2030-01-01,fixed,13
972,2025-03-08,2030-01-01,fixed,13
3316,2025-03-08,2030-01-01,fixed,13
4420,2025-04-14,2030-01-01,fixed,13
5523,2026-05-29,2026-08-27,percentage,15
5523,2026-05-29,2026-08-27,percentage,15
11463,2026-05-29,2026-08-27,percentage,5
10416,2026-05-30,2026-08-28,percentage,20
5251,2025-04-18,2030-01-01,fixed,13
5280,2025-04-18,2030-01-01,fixed,13
5281,2025-04-18,2030-01-01,fixed,13
4732,2025-04-14,2030-01-01,fixed,13
11879,2026-05-31,2026-08-29,percentage,5
11879,2026-05-31,2026-08-29,percentage,5
2090,2025-04-14,2030-01-01,fixed,13
5284,2025-04-20,2030-01-01,fixed,13
12036,2026-06-02,2026-08-31,percentage,20
5287,2025-04-21,2030-01-01,fixed,13
6221,2025-06-27,2030-01-01,fixed,13
927,2025-04-14,2030-01-01,fixed,13
5136,2026-06-09,2026-09-07,percentage,20
5316,2025-04-24,2030-01-01,fixed,13
5323,2025-04-24,2030-01-01,fixed,13
9987,2026-06-03,2026-09-01,percentage,15
9987,2026-06-03,2026-09-01,percentage,15
11946,2026-06-05,2026-09-03,percentage,5
10633,2026-06-05,2026-09-03,percentage,5
11999,2026-06-06,2026-09-04,percentage,5
88,2025-12-23,2027-12-31,percentage,100
10628,2026-06-08,2026-08-07,percentage,5
5389,2025-04-28,2030-01-01,fixed,13
5392,2025-04-28,2030-01-01,fixed,13
6457,2026-06-12,2026-09-10,percentage,20
12062,2026-06-12,2026-09-10,percentage,15
10714,2026-04-22,2026-07-21,percentage,5
10714,2026-04-22,2026-07-21,percentage,5
5636,2026-04-22,2026-07-21,percentage,5
5636,2026-04-22,2026-07-21,percentage,5
5734,2026-04-22,2026-07-21,percentage,5
5734,2026-04-22,2026-07-21,percentage,5
3027,2025-04-14,2030-01-01,fixed,13
11630,2026-04-23,2026-07-22,percentage,5
11630,2026-04-23,2026-07-22,percentage,5
9151,2026-06-21,2026-09-19,percentage,5
11399,2026-04-24,2026-07-23,percentage,5
9643,2026-06-22,2026-08-21,percentage,5
11759,2026-04-27,2026-07-26,percentage,15
4895,2025-04-14,2030-01-01,fixed,13
5656,2026-04-27,2026-07-26,percentage,20
5656,2026-04-27,2026-07-26,percentage,20
10667,2026-04-27,2026-07-26,percentage,5
8053,2026-04-27,2026-07-26,percentage,15
8053,2026-04-27,2026-07-26,percentage,15
8611,2025-10-08,2026-10-08,percentage,100
5624,2026-04-27,2026-07-26,percentage,5
5624,2026-04-27,2026-07-26,percentage,5
4859,2026-04-28,2026-07-27,percentage,5
9183,2026-04-28,2026-07-27,percentage,5
9183,2026-04-28,2026-07-27,percentage,5
1686,2026-04-28,2026-07-27,percentage,15
6795,2025-09-15,2026-09-15,percentage,100
11774,2026-04-28,2026-07-27,percentage,5
12167,2026-06-25,2026-09-23,percentage,8
10542,2026-04-28,2026-07-27,percentage,5
10542,2026-04-28,2026-07-27,percentage,5
12167,2026-06-25,2026-08-24,percentage,5
12168,2026-06-25,2026-08-24,percentage,5
2832,2026-06-25,2026-09-23,percentage,8
11419,2026-04-29,2026-07-28,percentage,5
11419,2026-04-29,2026-07-28,percentage,5
8499,2026-06-25,2026-09-23,percentage,8
11783,2026-04-26,2026-07-25,percentage,5
11783,2026-04-26,2026-07-25,percentage,5
12172,2026-06-26,2026-09-24,percentage,4
10169,2026-06-27,2026-09-25,percentage,4
8475,2026-06-27,2026-09-25,percentage,4
7808,2026-04-30,2026-07-29,percentage,15
4285,2025-04-14,2030-01-01,fixed,13
11765,2026-05-05,2026-08-03,percentage,15
11765,2026-05-05,2026-08-03,percentage,15
10701,2026-04-26,2026-07-25,percentage,5
10701,2026-04-26,2026-07-25,percentage,5
10091,2026-06-29,2026-09-27,percentage,4
11787,2026-04-25,2026-07-24,percentage,5
11787,2026-04-25,2026-07-24,percentage,5
1443,2026-05-01,2026-07-30,percentage,10
1443,2026-05-01,2026-07-30,percentage,5
8182,2026-06-05,2026-08-29,percentage,20
11336,2026-05-02,2026-07-31,percentage,15
4406,2025-04-14,2030-01-01,fixed,13
12187,2026-06-30,2026-09-28,percentage,4
11823,2026-05-04,2026-08-02,percentage,20
8280,2026-05-04,2026-08-02,percentage,5
8280,2026-05-04,2026-08-02,percentage,5
11826,2026-05-04,2026-08-02,percentage,15
11108,2026-04-24,2026-07-23,percentage,15
11884,2026-07-02,2026-09-30,percentage,4
12209,2026-07-05,2026-10-03,percentage,4
11907,2026-07-06,2026-10-04,percentage,4
9876,2026-07-07,2026-10-05,percentage,4
7170,2026-07-07,2026-10-05,percentage,4
2425,2026-05-06,2026-08-04,percentage,5
11831,2026-07-12,2026-10-10,percentage,8
733,2025-09-25,2026-09-22,percentage,100
9376,2026-06-26,2026-08-25,percentage,5
12009,2026-07-18,2026-10-16,percentage,4
5058,2026-07-20,2026-10-18,percentage,4
7527,2026-05-15,2026-08-13,percentage,20
5706,2026-06-07,2026-08-06,percentage,5
3583,2026-05-06,2026-08-04,percentage,15
3583,2026-05-06,2026-08-04,percentage,15
9264,2026-05-07,2026-08-05,percentage,5
11855,2026-05-07,2026-08-05,percentage,5
8584,2026-03-23,2026-09-19,percentage,50
2757,2026-05-08,2026-08-06,percentage,15
2757,2026-05-08,2026-08-06,percentage,15
1756,2026-05-08,2026-08-06,percentage,5
5236,2025-12-09,2026-12-09,percentage,100
5236,2025-12-09,2026-12-09,percentage,100
11779,2026-05-08,2026-08-06,percentage,20
11779,2026-05-08,2026-08-06,percentage,20
11885,2026-05-09,2026-08-07,percentage,5
11889,2026-05-10,2026-08-08,percentage,15
10416,2026-05-10,2026-08-08,percentage,15
11567,2026-05-11,2026-08-09,percentage,5
10729,2026-05-11,2026-08-09,percentage,5
10729,2026-05-11,2026-08-09,percentage,5
513,2026-05-11,2026-08-09,percentage,5
513,2026-05-11,2026-08-09,percentage,5
11906,2026-05-11,2026-08-09,percentage,5
2385,2026-05-12,2026-08-10,percentage,15
11903,2026-05-12,2026-08-10,percentage,5
11903,2026-05-12,2026-08-10,percentage,5
11860,2026-05-12,2026-08-10,percentage,5
11860,2026-05-12,2026-08-10,percentage,5
11852,2026-05-13,2026-08-11,percentage,15
8813,2026-03-02,2027-03-02,percentage,100
239,2026-04-06,2026-12-31,percentage,5
9835,2026-04-06,2026-12-31,percentage,5
553,2026-04-06,2026-12-31,percentage,10
9814,2026-04-06,2026-12-31,percentage,8
328,2026-04-06,2026-09-01,percentage,12
920,2026-04-06,2026-12-31,percentage,10
1234,2026-04-06,2026-12-31,percentage,11
7926,2026-04-06,2026-12-31,percentage,9
62,2026-04-06,2026-12-31,percentage,8
73,2026-04-06,2026-12-31,percentage,3
