ApartmentId,Price,CreatedAt,weekly_hours
102,55,2023-07-12 21:27:27.074+00,0.666666666666666
102,55,2023-07-12 21:27:26.666+00,0.666666666666666
8635,28,2026-01-21 14:45:39.594+00,0.666666666666666
8635,28,2026-01-21 14:45:39.594+00,0.666666666666666
3955,118,2025-03-26 22:04:29.11+00,2.25
7253,104,2025-09-18 13:06:19.062+00,2.25
261,146,2023-09-04 13:41:09.439+00,1.583333333333334
262,549,2023-09-04 13:54:56.554+00,3.50
261,443,2023-09-04 13:41:09.433+00,3.416666666666666
262,59,2023-09-04 13:54:56.556+00,0.416666666666666
102,55,2023-07-12 21:27:27.279+00,0.666666666666666
102,55,2023-07-12 21:27:26.871+00,0.666666666666666
332,40,2025-09-18 13:08:55.296+00,0.416666666666666
331,224,2023-09-20 09:04:41.459+00,1.916666666666666
331,224,2023-09-20 09:04:41.466+00,1.916666666666666
332,113,2023-09-20 15:52:25.248+00,1.083333333333334
332,94,2023-09-20 15:52:25.253+00,0.916666666666666
332,113,2023-09-20 15:52:25.237+00,1.083333333333334
289,154,2023-09-19 06:13:13.516+00,1.166666666666666
289,154,2023-09-19 06:13:13.507+00,1.166666666666666
289,154,2023-09-19 06:13:13.494+00,1.166666666666666
9752,113,2025-12-18 15:20:57.003+00,2.25
331,181,2023-10-26 08:06:35.643+00,1.416666666666666
331,181,2023-10-26 08:06:35.625+00,1.416666666666666
331,181,2023-10-26 08:06:35.648+00,1.416666666666666
371,145,2023-10-25 14:16:21.144+00,0.916666666666666
371,96,2023-10-25 12:24:59.021+00,0.916666666666666
8010,131,2025-09-14 07:57:10.588+00,2.583333333333332
9753,28,2025-12-18 15:23:45.254+00,0.666666666666666
8010,131,2025-09-14 07:57:10.588+00,2.583333333333332
8010,131,2025-09-14 07:57:10.588+00,2.583333333333332
2178,31,2024-09-18 20:30:20.578+00,0.666666666666664
8010,131,2025-09-14 07:57:10.588+00,2.583333333333332
11289,0,2026-04-14 04:50:51.972+00,0.416666666666666
11608,0,2026-05-07 17:24:09.661+00,0.416666666666666
11608,0,2026-05-07 17:24:09.661+00,0.416666666666666
8131,113,2025-09-18 14:37:47.727+00,2.25
6533,115,2026-03-22 23:44:44.172+00,1.91666666666667
8635,28,2026-01-21 14:45:39.594+00,0.666666666666666
8682,51,2026-02-23 00:40:02.885+00,1.0
371,96,2023-10-25 12:24:59.014+00,0.916666666666666
371,96,2023-10-25 12:24:59.004+00,0.916666666666666
427,112,2023-12-04 19:30:23.866+00,2.333333333333334
371,96,2023-10-25 12:24:59.027+00,0.916666666666666
371,145,2023-10-25 14:16:21.15+00,0.916666666666666
6738,15,2026-05-07 18:16:52.347+00,0.416666666666666
533,31,2026-06-16 22:49:35.122+00,0.666666666666666
7613,123,2026-05-22 18:33:21.215+00,2.25
7613,123,2026-05-22 18:33:21.215+00,2.25
8129,113,2025-09-18 14:38:56.582+00,2.25
508,234,2023-12-27 14:00:13.385+00,1.75
508,234,2023-12-27 14:00:13.391+00,1.75
1781,82,2024-08-19 20:05:23.014+00,1.666666666666666
508,22,2024-01-07 13:19:40.737+00,0.25
508,22,2024-01-07 13:19:40.737+00,0.25
11989,60,2026-05-24 10:36:10.908+00,1.25
11989,60,2026-05-24 10:36:10.908+00,1.25
11989,60,2026-05-24 10:36:10.908+00,1.25
11989,60,2026-05-24 10:36:10.908+00,1.25
533,31,2026-06-16 22:49:35.122+00,0.666666666666666
506,59,2024-08-20 12:45:16.912+00,0.416666666666666
506,71,2024-08-20 12:46:14.976+00,0.416666666666666
11989,28,2026-05-24 10:40:06.565+00,0.666666666666666
466,30,2024-03-07 19:47:12.917+00,0.92
11989,28,2026-05-24 10:40:06.565+00,0.666666666666666
289,154,2023-09-19 06:13:13.522+00,1.166666666666666
11989,28,2026-05-24 10:40:06.565+00,0.666666666666666
2156,210,2025-12-19 20:54:25.745+00,3.416666666666666
11989,28,2026-05-24 10:40:06.565+00,0.666666666666666
11989,28,2026-05-24 10:40:06.565+00,0.666666666666666
11989,28,2026-05-24 10:40:06.565+00,0.666666666666666
11989,28,2026-05-24 10:40:06.565+00,0.666666666666666
11989,28,2026-05-24 10:40:06.565+00,0.666666666666666
7746,28,2025-09-28 12:56:46.43+00,0.666666666666664
332,113,2023-09-20 15:52:25.243+00,1.083333333333334
261,50,2024-05-15 13:46:20.608+00,0.416666666666666
11885,181,2026-05-09 19:02:10.293+00,3.00
473,89,2024-06-04 20:03:16.869+00,2.166666666666668
11889,123,2026-05-10 01:57:22.74+00,2.25
7182,54,2025-08-22 21:44:33.471+00,1
9188,90,2026-05-11 04:06:42.045+00,1.6875
4407,26,2025-11-20 19:54:33.729+00,0.583333333333332
1704,179,2024-07-25 08:34:23.558+00,2.916666666666666
633,16,2024-08-21 19:34:06.771+00,0.42
2101,0,2026-05-11 15:24:18.649+00,0.416666666666666
2101,0,2026-05-11 15:24:18.649+00,0.416666666666668
2385,123,2026-05-12 00:03:36.067+00,2.25
4407,26,2025-11-20 19:53:04.363+00,0.583333333333334
4735,101,2025-10-01 15:41:44.257+00,0.416666666666666
7528,123,2025-12-28 19:27:05.516+00,2.25
1734,202,2025-09-17 00:04:05.341+00,3.416666666666668
11756,3,2026-04-27 14:01:09.434+00,0.25
7318,123,2025-09-30 18:21:48.206+00,2.25
2070,14,2024-09-08 10:06:45.284+00,0.25
2101,0,2026-05-11 15:24:18.649+00,0.416666666666666
2070,14,2024-09-08 10:10:46.975+00,0.333333333333334
429,15,2024-09-19 17:22:35.564+00,0.586666666666666
2101,0,2026-05-11 15:24:18.649+00,0.416666666666666
9376,0,2026-03-05 03:07:39.69+00,0.416666666666664
429,15,2024-09-19 17:22:35.613+00,0.58666666666667
2101,0,2026-05-11 15:24:18.649+00,0.416666666666666
466,30,2024-03-07 19:47:12.921+00,0.92
2101,0,2026-05-11 15:24:18.649+00,0.416666666666666
3034,142,2025-02-10 22:45:08.859+00,2.333333333333332
1253,167,2024-05-28 14:05:39.189+00,3
2101,0,2026-05-11 15:24:18.649+00,0.416666666666666
492,0,2026-03-24 15:20:40.978+00,0.416666666666666
2868,167,2025-01-02 17:10:11.307+00,3.000000000000000
492,0,2026-03-24 15:20:40.978+00,0.416666666666666
445,0,2026-05-04 14:30:49.498+00,0.416666666666666
2920,109,2025-01-09 15:37:43.474+00,2.250000000000000
5474,31,2025-07-14 14:40:53.695+00,0.666666666666664
492,0,2026-03-24 15:20:40.978+00,0.416666666666666
445,0,2026-05-04 14:30:49.498+00,0.416666666666664
6583,0,2026-04-08 14:33:07.681+00,0.416666666666666
7267,115,2026-05-26 14:39:41.362+00,2.145833333333334
5262,123,2026-04-03 18:56:09.651+00,2.25
2235,123,2024-09-27 19:32:41.804+00,2.250000000000004
11823,3,2026-05-04 09:04:38.271+00,0.25
10639,123,2026-03-02 21:30:36.104+00,2.25
7267,115,2026-05-26 14:39:41.403+00,2.145833333333334
8162,143,2026-03-03 15:07:55.01+00,2.583333333333334
8610,24,2025-10-08 11:41:54.265+00,0.604166666666666
9661,28,2025-12-23 13:52:16.23+00,0.666666666666666
11925,90,2026-05-13 22:41:54.361+00,1.6875
1184,51,2025-09-30 12:10:34.157+00,1
8610,24,2025-10-08 11:41:54.265+00,0.604166666666666
8610,24,2025-10-08 11:41:54.265+00,0.604166666666666
2019,135,2024-08-29 11:04:43.549+00,2.083333333333334
9196,171,2026-01-06 14:39:39.299+00,3.00
7253,15,2025-09-21 12:15:39.094+00,0.416666666666666
8506,48,2025-09-30 13:00:42.563+00,1.00
8506,48,2025-09-30 13:00:42.563+00,1.00
8506,48,2025-09-30 13:00:42.563+00,1.00
8506,48,2025-09-30 13:00:42.563+00,1.00
8611,24,2025-10-08 12:19:54.019+00,0.604166666666666
1885,48,2025-11-26 17:15:00.771+00,1.00
7527,123,2026-05-15 17:03:09.904+00,2.25
2057,0,2026-05-11 15:26:10.854+00,0.416666666666666
2343,123,2026-03-20 13:39:27.62+00,2.25
8057,41,2026-05-18 16:03:11.363+00,0.75
1111,31,2024-10-29 19:27:25.283+00,0.666666666666668
8057,41,2026-05-18 16:03:11.363+00,0.75
10534,123,2026-02-10 01:13:25.947+00,2.25
9725,129,2026-01-02 19:05:24.258+00,2.583333333333334
8266,181,2025-09-22 20:59:04.126+00,3
788,190,2025-10-29 18:01:16.144+00,3.416666666666666
8010,177,2025-09-22 08:41:03.19+00,3.083333333333332
8010,177,2025-09-22 08:41:03.206+00,3.083333333333332
8010,177,2025-09-22 08:41:03.219+00,3.083333333333332
8010,177,2025-09-22 08:41:03.233+00,3.083333333333334
3019,89,2026-03-18 16:33:23.27+00,1.666666666666668
2101,0,2026-05-11 15:24:18.649+00,0.416666660000001
5376,118,2025-04-28 17:17:52.098+00,2.25
9542,90,2026-02-10 18:40:07.247+00,1.6875
10396,176,2026-02-02 19:51:16.39+00,3.00
9901,118,2026-01-07 02:10:03.669+00,2.250000000000000
10396,176,2026-02-02 19:51:16.39+00,3
9988,123,2026-04-01 16:03:26.114+00,2.25
5502,2,2025-04-30 18:37:08.051+00,0.25
5502,2,2025-04-30 18:37:08.051+00,0.25
5502,2,2025-04-30 18:37:08.051+00,0.25
5502,2,2025-04-30 18:37:08.051+00,0.25
9988,123,2026-04-01 16:03:26.133+00,2.25
5502,14,2025-05-01 13:19:24.467+00,0.416666666666666
5502,14,2025-05-01 13:19:24.467+00,0.416666666666666
5502,14,2025-05-01 13:19:24.467+00,0.416666666666666
8010,177,2025-09-22 08:42:05.891+00,3.083333333333332
8814,133,2026-01-07 12:57:19.999+00,2.583333333333334
8010,177,2025-09-22 08:42:05.904+00,3.083333333333332
8010,177,2025-09-22 08:42:05.917+00,3.083333333333334
5502,68,2025-04-30 18:27:42.323+00,1.583333333333334
5502,14,2025-05-01 13:19:24.467+00,0.416666666666666
8814,133,2026-01-07 12:57:19.999+00,2.583333333333334
8814,133,2026-01-07 12:57:19.999+00,2.583333333333334
8814,133,2026-01-07 12:57:19.999+00,2.583333333333334
8010,177,2025-09-22 08:42:05.93+00,3.083333333333334
8443,113,2025-09-25 13:29:06.509+00,2.25
4186,123,2026-04-08 21:19:11.394+00,2.25
10499,46,2026-04-09 21:13:11.702+00,0.916666666666666
9969,97,2026-04-24 22:05:38.635+00,1.833333333333334
5706,41,2026-06-07 16:48:53.843+00,0.75
5706,41,2026-06-07 16:48:53.843+00,0.75
5706,41,2026-06-07 16:48:53.843+00,0.75
5706,41,2026-06-07 16:48:53.843+00,0.75
11889,123,2026-05-10 01:57:22.74+00,2.25
1686,115,2026-04-28 18:25:44.872+00,2.145833333333332
6599,48,2025-07-23 21:24:59.859+00,1.041666666666666
6738,15,2026-05-07 18:16:52.347+00,0.416666666666668
6738,15,2026-05-07 18:16:52.347+00,0.416666666666666
11336,181,2026-05-02 18:04:11.335+00,3
6738,15,2026-05-07 18:16:52.347+00,0.416666666666666
9987,123,2026-06-10 00:04:40.096+00,2.25
3019,89,2026-03-18 16:33:23.287+00,1.666666666666666
11982,58,2026-05-24 22:38:56.04+00,1.083333333333334
7121,123,2025-09-29 18:29:41.824+00,3.416666666666668
9859,112,2026-01-07 14:22:43.574+00,2.250000000000000
2178,13,2025-12-19 23:48:24.926+00,0.395833333333334
9859,112,2026-01-07 14:22:43.591+00,2.25
445,181,2026-03-02 21:43:41.205+00,3.000000000000000
9983,123,2026-01-28 12:45:37.761+00,2.25
10398,181,2026-02-10 18:26:45.207+00,3.00
6118,33,2025-05-28 12:38:30.664+00,0.916666666666666
6118,33,2025-05-28 12:38:30.675+00,0.916666666666666
6118,33,2025-05-28 12:38:30.686+00,0.916666666666666
6118,33,2025-05-28 12:38:30.697+00,0.916666666666666
10633,123,2026-06-05 13:00:17.744+00,2.25
9859,112,2026-01-07 14:22:43.624+00,2.25
10398,181,2026-02-10 18:26:45.226+00,3
10630,0,2026-02-18 10:35:44.805+00,0.833333333333334
9983,123,2026-01-28 12:45:37.761+00,2.25
9542,90,2026-02-10 18:40:07.264+00,1.6875
9879,147,2026-03-05 22:00:57.635+00,2.750000000000000
9879,147,2026-03-05 22:00:57.653+00,2.75
11907,0,2026-05-11 15:55:35.399+00,0.416666666666666
9213,123,2026-01-14 16:11:56.761+00,2.249999999999998
8057,156,2025-09-17 19:09:10.219+00,2.666666666666666
7508,58,2026-01-07 14:29:26.135+00,1.083333333333332
2178,13,2025-12-19 23:48:24.926+00,0.395833333333334
1100,23,2025-09-17 19:23:24.31+00,0.583333333333334
10202,179,2026-01-22 23:19:08.248+00,3
12014,123,2026-05-27 17:32:23.121+00,2.25
1100,15,2025-09-17 19:23:57.485+00,0.416666666666668
9970,121,2026-01-14 18:42:34.668+00,2.25
1100,15,2025-09-17 19:23:57.485+00,0.416666666666668
7606,181,2025-11-07 11:36:43.983+00,3.000000000000000
10205,115,2026-02-12 19:26:36.383+00,2.145833333333334
1799,123,2025-07-03 19:31:30.687+00,2.25
11907,0,2026-05-11 15:55:35.399+00,0.416666666666666
6327,106,2025-06-23 17:41:52.873+00,2
6327,93,2025-06-23 17:41:52.885+00,1.75
9730,123,2025-12-26 02:42:57.954+00,2.25
2633,1,2025-09-17 20:57:04.948+00,0.250000000000000
2633,8,2025-09-17 20:57:04.948+00,0.416666666666666
2633,8,2025-09-17 20:57:04.928+00,0.416666666666666
2382,123,2025-01-13 14:35:08.813+00,2.25
9683,90,2026-01-16 17:20:51.687+00,1.583333333333334
9955,0,2026-04-30 15:02:38.477+00,0.416666666666666
496,144,2026-02-03 14:03:38.101+00,2.833333333333334
10034,181,2026-01-17 05:52:55.761+00,3
2985,115,2025-03-06 17:26:49.11+00,2.145833333333334
2633,1,2025-09-17 20:57:04.948+00,0.25
10361,181,2026-01-30 15:31:38.561+00,3.00
11108,0,2026-04-30 16:56:17.334+00,0.416666666666666
6439,185,2025-07-08 07:39:49.925+00,3.25
314,96,2023-09-13 04:46:07.252+00,1.75666666666667
6439,171,2025-07-08 07:39:49.91+00,3
6439,171,2025-07-08 07:39:49.937+00,3.00
7832,46,2026-02-20 19:21:21.849+00,0.91666666666667
8563,171,2025-10-05 08:44:25.443+00,3.0
8563,171,2025-10-05 08:44:25.443+00,3.0
9955,0,2026-04-30 15:02:38.477+00,0.416666666666666
8565,171,2025-10-05 14:38:54.19+00,3.000000000000000
10113,123,2026-01-28 20:35:17.07+00,2.25
8565,171,2025-10-05 14:38:54.19+00,3.000000000000000
1100,23,2025-09-17 19:23:24.31+00,0.583333333333336
6758,101,2025-07-28 07:59:33.625+00,2.25
11646,123,2026-04-19 20:49:34.419+00,2.250000000000000
6725,137,2025-07-23 20:58:51.471+00,2.166666666666666
11734,69,2026-04-26 14:49:03.065+00,1.333333333333334
8249,65,2026-02-17 17:56:11.558+00,1.5
10293,54,2026-01-28 22:51:07.505+00,1
10630,0,2026-02-18 10:35:44.805+00,0.833333333333334
10568,118,2026-02-10 20:32:04.645+00,2.25
6909,115,2025-09-17 22:13:56.244+00,2.145833333333334
8249,65,2026-02-17 17:56:11.575+00,1.50
7183,123,2025-08-25 19:12:12.416+00,2.25
8516,161,2025-11-25 13:46:18.159+00,2.666666666666666
820,69,2025-08-05 14:42:04.196+00,1.333333333333332
2235,123,2024-09-27 19:32:41.821+00,2.250000000000002
9902,123,2026-01-07 22:01:35.988+00,2.250000000000000
6838,115,2025-08-07 23:37:06.741+00,2.145833333333334
2128,123,2025-10-21 17:17:37.259+00,2.25
8249,65,2026-02-17 17:56:11.592+00,1.5
7317,17,2026-03-16 23:43:54.736+00,0.583333333333334
2313,195,2024-11-20 17:49:11.33+00,3.25
2485,90,2025-01-07 18:45:24.387+00,1.6875
7242,123,2025-12-08 21:51:48.016+00,2.25
9217,115,2025-11-21 02:34:38.55+00,2.145833333333334
5381,19,2026-05-30 01:07:56.685+00,0.5
7317,17,2026-03-16 23:43:54.736+00,0.583333333333336
11463,123,2026-05-29 22:34:32.542+00,2.25
2057,0,2026-05-11 15:26:10.854+00,0.416666666666666
445,0,2026-05-04 14:30:49.498+00,0.416666666666666
5381,19,2026-05-30 01:07:56.707+00,0.5
5381,19,2026-05-30 01:07:56.748+00,0.5
10005,123,2026-01-15 20:06:24.187+00,2.25
8519,161,2026-03-24 22:09:47.136+00,2.666666666666666
261,34,2025-09-30 21:48:49.398+00,0.5
261,34,2025-09-30 21:48:49.398+00,0.5
11907,0,2026-05-11 16:04:48.62+00,0.416666666666666
11907,0,2026-05-11 16:04:48.62+00,0.416666666666666
727,123,2024-02-29 15:39:14.946+00,2.150000000000000
475,14,2025-08-31 08:49:41.508+00,0.583333333333332
475,14,2025-08-31 08:49:41.508+00,0.583333333333332
475,14,2025-08-31 08:49:41.508+00,0.583333333333332
475,14,2025-08-31 08:49:41.508+00,0.583333333333332
1061,31,2026-01-24 17:25:05.405+00,0.666666666666666
11907,0,2026-05-11 16:04:48.62+00,0.416666666666666
496,144,2026-02-03 14:03:38.068+00,2.833333333333332
9922,197,2026-02-23 01:00:43.912+00,3.25
1061,31,2026-01-24 17:25:05.405+00,0.666666666666664
6591,142,2026-02-23 20:25:43.489+00,2.583333333333334
6591,142,2026-02-23 20:25:43.507+00,2.583333333333334
10689,123,2026-03-08 16:29:34.755+00,2.25
8520,28,2025-10-01 03:08:53.619+00,0.666666666666668
8520,28,2025-10-01 03:08:53.619+00,0.666666666666666
8143,123,2025-09-23 12:13:17.224+00,2.25
8809,171,2025-10-19 07:12:41.501+00,3.0
8809,171,2025-10-19 07:12:41.501+00,3.0
9859,112,2026-01-07 14:22:43.607+00,2.25
7236,109,2025-08-15 17:20:31.288+00,2.25
1799,123,2025-07-03 19:31:30.7+00,2.25
11907,0,2026-05-11 16:04:48.62+00,0.416666666666666
1016,127,2026-02-16 23:28:15.638+00,2.333333333333334
422,5,2023-12-01 14:39:16.671+00,0.333333333333334
422,5,2023-12-01 14:39:16.679+00,0.333333333333334
422,5,2023-12-01 14:39:16.686+00,0.333333333333334
422,243,2023-12-01 14:39:16.697+00,4.333333333333332
422,243,2023-12-01 14:39:16.708+00,4.333333333333332
422,243,2023-12-01 14:39:16.717+00,4.333333333333332
422,243,2023-12-01 14:39:16.727+00,4.333333333333332
11907,0,2026-05-11 15:55:35.399+00,0.416666666666666
11907,0,2026-05-11 16:04:48.62+00,0.416666666666666
11907,0,2026-05-11 16:04:48.62+00,0.416666666666666
429,15,2024-09-19 17:22:35.577+00,0.58666666666667
11907,0,2026-05-11 16:04:48.62+00,0.416666666666666
11907,0,2026-05-11 16:04:48.62+00,0.416666666666666
8892,123,2026-01-16 17:20:31.171+00,2.25
554,31,2026-01-19 23:49:38.307+00,0.666666666666668
429,15,2024-09-19 17:22:35.619+00,0.58666666666667
9683,90,2026-01-16 17:20:51.687+00,1.583333333333334
10630,0,2026-02-18 10:35:44.805+00,0.833333333333334
10630,0,2026-02-18 10:35:44.805+00,0.833333333333334
10053,216,2026-01-29 18:16:55.879+00,3.416666666666666
9922,197,2026-02-23 01:00:43.93+00,3.25
6439,171,2025-07-08 07:39:49.95+00,3.00
9922,197,2026-02-23 01:00:43.948+00,3.25
11108,0,2026-04-30 16:56:17.334+00,0.416666666666666
475,101,2025-07-28 16:22:34.844+00,2.25
2537,31,2024-11-08 16:11:27.627+00,0.666666666666666
9942,29,2026-02-21 20:43:26.172+00,0.666666666666666
10584,123,2026-02-13 17:14:40.455+00,2.25
9858,123,2026-02-23 13:23:39.773+00,2.25
5456,69,2025-04-21 16:55:26.161+00,1.333333333333334
11224,54,2026-03-18 19:38:07.645+00,1
445,0,2026-05-04 14:30:49.498+00,0.416666666666666
11224,54,2026-03-18 19:38:07.663+00,1
9114,118,2026-02-11 19:13:23.682+00,2.25
8057,156,2025-09-17 19:09:10.232+00,2.666666666666666
470,0,2026-05-01 00:11:16.645+00,0.416666670000000
3955,118,2025-03-26 22:04:29.121+00,2.25
8506,133,2025-09-30 08:35:16.173+00,2.583333333333334
8506,133,2025-09-30 08:35:16.173+00,2.583333333333334
8506,133,2025-09-30 08:35:16.173+00,2.583333333333334
8506,133,2025-09-30 08:35:16.173+00,2.583333333333334
8296,28,2025-09-27 01:53:25.983+00,0.666666666666666
2354,34,2026-03-09 21:03:33.731+00,0.666666666666666
8608,105,2025-10-08 06:13:04.997+00,2.145833333333334
10253,11,2026-01-25 13:26:38.082+00,0.333333333333334
6996,63,2025-08-07 00:18:07.432+00,1.270833333333332
8296,28,2025-09-27 01:53:25.983+00,0.666666666666666
7613,123,2026-05-22 18:33:21.215+00,2.25
11659,143,2026-05-27 20:48:13.095+00,2.583333333333334
2514,181,2024-11-22 22:09:34.733+00,3
11268,72,2026-03-22 21:02:17.206+00,1.333333333333334
11963,123,2026-05-19 02:25:53.556+00,2.25
9831,0,2026-03-21 15:08:39.112+00,0.416666666666666
11867,238,2026-05-08 04:29:48.917+00,3.75
1142,109,2024-07-25 15:46:51.625+00,2.246666666666666
1800,123,2024-08-20 21:49:48.896+00,2.246666666666666
10255,14,2026-01-25 14:01:11.881+00,0.416666666666666
11867,238,2026-05-08 04:29:48.917+00,3.75
9831,0,2026-03-21 15:08:39.112+00,0.416666666666664
9831,0,2026-03-21 15:08:39.112+00,0.416666666666666
1656,109,2024-07-31 15:42:18.825+00,2.246666666666666
9831,0,2026-03-21 15:08:39.112+00,0.416666666666668
9831,0,2026-03-21 15:08:39.112+00,0.416666666666664
451,167,2023-12-11 20:36:13.516+00,3.000000000000000
819,123,2024-04-08 15:11:11.473+00,2.25
10225,123,2026-03-18 19:48:58.76+00,2.25
1111,123,2024-10-16 18:41:09.758+00,2.250000000000000
822,107,2024-09-19 15:20:14.971+00,1.996666666666666
2162,43,2024-10-10 20:03:43.249+00,0.916666666666666
2313,195,2024-11-20 17:49:11.37+00,3.25
943,116,2024-06-04 19:21:57.903+00,2.249999999999998
1327,176,2025-01-10 17:03:53.039+00,3.00
9831,0,2026-03-21 15:08:39.112+00,0.416666666666668
6583,0,2026-04-08 14:33:07.681+00,0.416666666666666
2101,0,2026-05-11 15:24:18.649+00,0.416666666666666
2057,0,2026-05-11 15:26:10.854+00,0.416666666666666
641,109,2025-08-18 14:02:20.583+00,2.250000000000000
7746,28,2025-09-28 12:56:46.43+00,0.666666666666666
827,31,2024-12-03 14:23:47.776+00,0.666666666666668
523,123,2024-02-14 19:35:28.797+00,2.149999999999997
6397,31,2026-03-18 20:52:38.603+00,0.666666666666666
4416,123,2025-10-09 14:57:07.573+00,2.250000000000000
470,0,2026-05-01 00:11:16.645+00,0.416666666666666
470,0,2026-05-01 00:11:16.645+00,0.416666666666666
470,0,2026-05-01 00:11:16.645+00,0.416666666666668
9376,0,2026-03-05 03:07:39.69+00,0.416666666666666
2265,94,2024-10-21 20:34:39.488+00,1.833333333333332
4898,109,2025-11-26 16:39:10.392+00,2.25
9376,0,2026-03-05 03:07:39.69+00,0.416666666666666
8952,236,2025-10-27 14:50:49.168+00,4.166666666666670
8002,58,2025-10-25 14:23:55.852+00,1.083333333333334
8952,11,2025-10-27 14:50:49.477+00,0.416666666666666
8952,11,2025-10-27 14:50:49.477+00,0.416666666666666
8952,11,2025-10-27 14:50:49.477+00,0.416666666666666
8952,11,2025-10-27 14:50:49.477+00,0.416666666666666
7001,123,2025-08-06 23:34:21.604+00,2.25
8283,106,2025-10-11 14:52:20.157+00,1.916666666666666
8952,236,2025-10-27 14:50:49.168+00,4.166666666666668
8952,236,2025-10-27 14:50:49.168+00,4.166666666666668
8952,236,2025-10-27 14:50:49.168+00,4.166666666666670
429,15,2024-09-19 17:22:35.556+00,0.58666666666667
10114,43,2026-02-03 20:07:19.143+00,1.083333333333332
2063,116,2025-09-30 15:04:25.607+00,2
1165,136,2024-11-21 21:42:55.925+00,2.33333333333333
10007,123,2026-01-25 18:47:32.897+00,2.25
10584,123,2026-02-13 17:14:40.473+00,2.25
516,115,2024-01-09 18:26:44.891+00,1.89
445,0,2026-05-04 14:30:49.498+00,0.416666666666666
4708,31,2026-02-07 17:50:29.191+00,0.666666666666668
4708,31,2026-02-07 17:50:29.191+00,0.666666666666668
2382,123,2025-01-13 14:35:08.845+00,2.25
8150,45,2025-09-18 23:14:26.263+00,1.00
2212,41,2025-05-19 17:02:44.027+00,0.833333333333334
1184,51,2025-09-30 12:10:34.171+00,1
7746,28,2025-09-28 12:56:46.43+00,0.666666666666666
9060,34,2025-11-03 11:04:41.68+00,0.75
9060,34,2025-11-03 11:04:41.68+00,0.75
9060,34,2025-11-03 11:04:41.68+00,0.75
9376,0,2026-03-05 03:07:39.69+00,0.416666666666666
6526,51,2025-07-08 20:35:34.423+00,1
1287,90,2024-05-31 19:33:05.802+00,1.58
6838,115,2025-08-07 23:37:06.753+00,2.145833333333332
7439,115,2025-08-25 18:03:53.538+00,2.145833333333334
8254,123,2025-09-23 00:53:28.028+00,2.25
953,81,2024-05-08 05:59:20.995+00,1.190000000000001
8269,123,2025-09-22 20:46:42.37+00,2.25
1279,167,2024-06-25 21:06:41.266+00,3
9060,34,2025-11-03 11:04:41.68+00,0.75
7001,123,2025-08-06 23:34:21.616+00,2.25
9506,123,2026-01-09 00:21:57.752+00,2.249999999999998
9506,123,2026-01-09 00:21:57.735+00,2.250000000000000
6427,102,2025-07-16 17:34:59.797+00,2
9376,0,2026-03-05 03:07:39.69+00,0.416666666666666
6603,123,2025-07-15 21:20:11.309+00,2.250000000000000
8015,96,2025-11-12 10:03:39.745+00,1.666666666666666
8015,96,2025-11-12 10:03:39.76+00,1.666666666666666
2116,190,2024-09-12 13:40:28.448+00,3.416666666666668
6847,123,2025-08-05 20:47:35.413+00,2.25
5376,118,2025-04-28 17:17:52.111+00,2.250000000000000
1184,51,2025-09-30 12:10:34.197+00,1
7119,118,2025-08-12 20:43:56.697+00,2.25
948,276,2025-07-16 17:12:30.951+00,4.25
8809,48,2025-11-16 06:44:06.433+00,1.000000000000000
6603,123,2025-07-15 21:20:11.295+00,2.25
8269,123,2025-09-22 20:46:42.37+00,2.25
1669,167,2024-07-23 14:11:11.176+00,3.000000000000000
5380,0,2026-05-29 13:06:39.258+00,0.416666666666666
5380,0,2026-05-29 13:06:39.258+00,0.416666666666666
5380,0,2026-05-29 13:06:39.258+00,0.416666666666666
6657,176,2025-07-17 19:36:32.479+00,3.0
1100,27,2025-11-18 16:51:32.82+00,0.583333333333334
5380,0,2026-05-29 13:06:39.258+00,0.416666666666666
1100,27,2025-11-18 16:51:32.82+00,0.583333333333334
7011,138,2026-01-30 21:29:11.464+00,2.583333333333334
8597,240,2026-05-07 14:30:49.799+00,3.75
8182,181,2026-04-27 21:14:44.022+00,3.000000000000000
11867,238,2026-05-08 04:29:48.917+00,3.75
8182,181,2026-04-27 21:14:44.001+00,3.000000000000000
5380,0,2026-05-29 13:06:39.258+00,0.416666666666666
1100,28,2025-11-18 16:52:03.06+00,0.666666666666668
8818,69,2025-10-20 17:39:33.122+00,1.333333333333334
2063,116,2025-09-30 15:04:25.62+00,2.000000000000000
1669,167,2024-07-23 14:11:11.185+00,3.000000000000000
8538,181,2025-10-04 16:27:39.683+00,3.00
7954,78,2025-09-16 18:33:09.379+00,1.416666666666666
820,69,2025-08-05 14:42:04.217+00,1.333333333333332
832,123,2024-04-23 14:35:25.976+00,2.25
9239,113,2025-11-20 12:45:17.249+00,2.25
9239,113,2025-11-20 12:45:17.249+00,2.25
1100,28,2025-11-18 16:52:03.06+00,0.666666666666666
10654,106,2026-02-22 16:25:51.482+00,1.916666666666664
9647,122,2026-04-02 13:51:49.398+00,2.166666666666666
9376,0,2026-03-05 03:07:39.69+00,0.416666666666665
9502,127,2025-12-03 22:42:11.758+00,2.416666666666663
9768,123,2026-04-01 16:06:06.769+00,2.25
2578,181,2025-12-29 13:27:53.045+00,3.0
11344,181,2026-04-09 14:20:38.482+00,3
8818,69,2025-10-20 17:39:33.108+00,1.333333333333332
2938,167,2025-12-04 15:54:14.305+00,3
2938,110,2025-12-04 15:54:14.322+00,1.916666666666668
8611,24,2025-10-08 12:19:54.019+00,0.604166666666666
5386,112,2025-04-14 17:11:50.607+00,1.916666666666666
8143,123,2025-09-23 12:13:17.224+00,2.25
6276,31,2025-06-20 15:17:38.024+00,0.666666666666664
9713,48,2025-12-30 14:29:58.948+00,1.000000000000000
8610,24,2025-10-08 11:41:54.265+00,0.604166666666666
9476,123,2026-04-09 14:42:59.783+00,2.25
9477,96,2026-04-10 11:57:16.807+00,1.833333333333334
8957,181,2026-02-04 17:21:30.956+00,3
1669,167,2024-07-23 14:11:11.194+00,3.00000000000
11394,123,2026-04-08 19:54:20.691+00,2.25
11486,123,2026-04-14 13:59:48.365+00,2.25
11486,123,2026-04-14 13:59:48.365+00,2.25
5602,118,2025-06-05 15:38:43.47+00,2.25
8516,161,2025-11-25 13:46:18.177+00,2.666666666666668
5377,118,2025-04-14 20:46:35.748+00,2.25
11451,211,2026-04-21 14:42:54.536+00,3.583333333333334
11451,211,2026-04-21 14:42:54.557+00,3.583333333333334
6401,93,2025-06-25 21:29:12.466+00,1.75
11647,123,2026-04-21 20:21:44.878+00,2.25
6398,118,2025-08-15 19:46:42.144+00,2.25
4869,28,2025-11-25 04:28:21.691+00,0.666666666666664
4869,28,2025-11-25 04:28:21.691+00,0.666666666666664
554,31,2026-01-19 23:49:38.307+00,0.666666666666668
8170,137,2026-01-16 18:55:30.949+00,2.50
11762,152,2026-04-27 14:22:49.78+00,2.5
6215,181,2026-04-28 16:25:07.559+00,3
10373,123,2026-05-06 18:26:36.207+00,2.25
9485,63,2025-11-27 12:08:14.682+00,1.333333333333334
9485,63,2025-11-27 12:08:14.682+00,1.333333333333334
9485,63,2025-11-27 12:08:14.682+00,1.333333333333334
9485,63,2025-11-27 12:08:14.682+00,1.333333333333334
11855,213,2026-05-07 19:09:31.015+00,3.416666666666668
7236,109,2025-08-15 17:20:31.299+00,2.25
1669,167,2024-07-23 14:11:11.203+00,3.000000000000000
9483,171,2025-11-27 12:13:39.639+00,3.000000000000000
483,74,2025-05-27 22:27:37.061+00,1.958333333333336
5372,176,2025-06-30 19:25:07.616+00,3.000000000000000
7730,123,2025-09-04 00:07:45.24+00,2.25
7730,123,2025-09-04 00:07:45.26+00,2.25
7022,58,2025-08-08 21:19:59.195+00,1.083333333333332
5678,115,2025-05-13 22:43:05.685+00,2.145833333333336
2632,167,2025-06-13 19:36:16.76+00,3.000000000000000
7317,17,2026-03-16 23:43:54.736+00,0.583333333333334
11127,123,2026-06-15 14:36:13.842+00,2.25
9339,155,2026-04-16 01:26:25.138+00,2.833333333333334
9473,181,2026-04-15 00:45:42.592+00,3
9473,181,2026-04-15 00:45:42.57+00,3
9339,155,2026-04-16 01:26:25.138+00,2.833333333333336
11486,123,2026-04-14 13:59:48.365+00,2.25
2683,74,2025-10-16 13:17:00.534+00,1.6875
2385,123,2026-05-12 00:03:36.067+00,2.25
1681,9,2026-01-20 12:32:52.859+00,0.333333333333334
9048,181,2025-11-03 00:37:48.457+00,3
8809,48,2025-12-02 11:56:28.79+00,1.0
9564,171,2025-12-03 05:35:15.742+00,3.0
10725,123,2026-02-24 15:46:17.283+00,2.250000000000000
445,167,2023-12-08 22:55:02.982+00,3.000000000000000
2313,195,2024-11-20 17:49:11.356+00,3.250000000000000
6953,156,2025-08-05 19:51:53.017+00,2.666666666666666
1184,51,2025-09-30 12:10:34.184+00,1
6859,115,2025-08-15 17:31:02.906+00,2.145833333333332
9349,11,2025-12-03 12:38:36.024+00,0.416666666666666
9349,11,2025-12-03 12:38:36.024+00,0.416666666666666
11214,113,2026-03-17 11:26:03.725+00,2.25
9559,123,2025-12-04 15:09:59.8+00,2.25
2116,190,2024-09-12 13:40:28.441+00,3.41666666666667
9349,11,2025-12-03 12:38:36.024+00,0.416666666666666
2386,123,2025-11-22 21:23:55.393+00,2.25
6881,123,2025-12-10 22:25:25.818+00,2.25
2271,101,2024-09-27 18:37:38.434+00,2.145833333333332
2178,31,2024-09-18 20:30:20.571+00,0.666666666666668
9376,0,2026-03-05 03:07:39.69+00,0.416666666666666
9675,181,2025-12-16 00:11:58.479+00,3
8960,123,2025-11-09 04:16:54.648+00,2.250000000000000
1681,9,2026-01-20 12:33:26.148+00,0.333333333333334
7119,118,2025-08-12 20:43:56.709+00,2.25
9349,11,2025-12-03 12:38:36.024+00,0.416666666666666
6398,118,2025-08-15 19:46:42.175+00,2.25
9311,28,2025-12-08 15:55:39.421+00,0.666666666666666
2632,167,2025-06-13 19:36:16.776+00,3.0
6502,176,2026-02-20 21:28:55.109+00,3
9661,151,2025-12-09 21:15:06.2+00,2.666666666666666
8249,65,2026-02-17 17:56:11.609+00,1.5
8003,54,2026-02-21 01:28:07.795+00,1.166666666666666
10549,181,2026-02-09 19:57:32.115+00,3.0
11533,115,2026-04-13 15:49:02.093+00,2.145833333333334
10703,3,2026-02-28 03:55:56.103+00,0.25
10679,118,2026-02-20 20:25:23.663+00,2.25
11215,116,2026-03-17 11:49:47.103+00,2.250000000000000
10703,3,2026-02-28 03:55:56.103+00,0.25
1421,69,2024-09-04 15:41:22.95+00,1.336666666666668
8811,174,2025-12-16 10:53:32.256+00,3.166666666666666
10593,118,2026-02-14 07:16:15.198+00,2.25
9215,70,2025-12-13 16:20:29.297+00,1.166666666666668
6676,123,2026-02-04 21:46:40.79+00,2.25
11458,218,2026-04-15 00:38:44.564+00,3.416666666666668
11458,218,2026-04-15 00:38:44.545+00,3.416666666666668
10388,51,2026-02-02 00:09:35.79+00,1.00
10334,123,2026-04-14 03:10:54.067+00,2.25
6152,53,2025-06-17 22:01:32.318+00,1.16666666
10128,34,2026-01-23 14:32:32.847+00,0.666666666666666
1968,167,2025-04-17 20:40:08.855+00,3.000000000000000
6335,118,2026-02-04 22:27:23.803+00,2.25
3147,109,2025-03-27 20:16:32.089+00,2.25
5347,48,2025-12-16 13:37:34.337+00,1
827,31,2024-12-03 14:23:47.767+00,0.666666666666666
5347,48,2025-12-16 13:37:34.337+00,1
449,123,2026-02-20 15:21:19.609+00,2.25
5523,123,2026-05-29 22:29:03.779+00,2.25
11852,181,2026-05-13 18:45:32.199+00,3
9150,31,2025-11-11 01:15:13.141+00,0.666666666666666
11852,181,2026-05-13 18:45:32.221+00,3
6950,70,2025-11-05 00:28:51.132+00,1.333333333333334
9369,58,2025-12-10 22:30:12.938+00,1.083333333333332
2514,181,2024-11-22 22:09:34.705+00,3
2156,210,2025-12-19 20:54:25.725+00,3.416666666666666
7058,107,2025-12-18 19:51:14.193+00,2.145833333333334
7924,181,2026-03-23 18:08:52.57+00,3.0
1416,109,2024-07-02 19:06:17.07+00,2.25
5341,176,2025-06-26 21:38:19.644+00,3
2854,167,2025-07-24 16:37:31.048+00,3
6599,41,2025-07-23 21:24:59.873+00,0.895833333333334
7716,110,2025-09-26 21:22:42.129+00,2.145833333333332
9318,123,2026-03-26 20:48:56.439+00,2.25
2894,167,2025-01-29 19:44:28.764+00,3
633,167,2024-07-08 17:10:41.718+00,3
2159,115,2024-10-08 13:03:42.276+00,2.25
598,109,2024-02-01 21:34:46.905+00,1.82
685,120,2024-03-26 16:11:37.173+00,2.579999999999997
2162,43,2024-10-10 20:03:43.256+00,0.916666666666666
443,90,2023-12-08 21:38:04.335+00,1.75
685,120,2024-03-26 16:11:37.182+00,2.579999999999997
429,180,2024-09-19 17:17:49.333+00,3.416666666666668
11486,123,2026-04-14 13:59:48.365+00,2.25
5334,31,2025-08-08 17:25:46.887+00,0.666666666666666
6152,53,2025-06-17 22:01:32.393+00,1.166666666666666
10234,123,2026-04-15 00:54:06.225+00,2.25
9627,29,2025-12-07 07:13:05.924+00,0.583333333333334
6523,123,2026-03-17 18:28:35.304+00,2.250000000000000
5341,176,2025-06-26 21:38:19.629+00,3.000000000000000
9627,29,2025-12-07 07:13:05.924+00,0.583333333333334
7317,17,2026-04-16 15:15:43.582+00,0.583333333333332
7317,17,2026-04-16 15:15:43.582+00,0.583333333333332
2604,115,2024-11-14 15:38:47.87+00,1.916666666666666
6657,176,2025-07-17 19:36:32.467+00,3
3936,140,2026-06-06 15:47:53.286+00,2.666666666666668
8612,31,2025-10-08 21:58:03.425+00,0.666666666666664
2675,122,2026-03-17 20:04:07.135+00,2.208333333333334
2675,122,2026-03-17 20:04:07.153+00,2.208333333333334
9150,31,2025-11-11 01:15:13.157+00,0.666666666666666
7760,176,2025-09-09 21:52:09.844+00,3.00
5506,109,2025-07-28 16:51:26.338+00,2.250000000000000
11268,72,2026-03-22 21:02:17.206+00,1.333333333333334
11394,123,2026-06-20 21:52:52.41+00,2.25
492,0,2026-03-24 15:20:40.978+00,0.416666666666666
492,0,2026-03-24 15:20:40.978+00,0.416666666666666
492,0,2026-03-24 15:20:40.978+00,0.416666666666666
11394,123,2026-06-20 21:52:52.41+00,2.25
492,0,2026-03-24 15:20:40.978+00,0.416666666666666
7764,131,2026-06-24 20:07:51.604+00,2.333333333333334
492,0,2026-03-24 15:20:40.978+00,0.416666666666668
3190,123,2026-03-17 20:50:35.805+00,2.25
3190,123,2026-03-17 20:50:35.805+00,2.25
7104,37,2026-04-16 15:37:12.661+00,0.8125
10491,141,2026-04-16 15:47:40.757+00,2.583333333333332
9314,210,2025-11-19 15:42:26.729+00,3.416666666666666
9289,118,2025-11-17 05:51:58.211+00,2.25
11521,54,2026-04-21 14:25:39.545+00,1.083333333333334
492,0,2026-03-24 15:20:40.978+00,0.416666666666666
8635,28,2026-01-21 14:45:39.594+00,0.666666666666666
7104,37,2026-04-16 15:37:12.661+00,0.8125
9230,197,2026-05-15 16:25:30.245+00,3.25
11394,123,2026-06-20 21:57:09.969+00,2.25
7764,131,2026-06-24 20:07:51.604+00,2.333333333333334
748,31,2026-02-22 16:57:45.023+00,0.666666666666666
9610,181,2026-01-11 17:00:17.787+00,3
10549,181,2026-02-09 19:57:32.133+00,3.00
11521,54,2026-04-19 14:23:38.99+00,1.083333333333336
11451,211,2026-04-21 14:42:54.495+00,3.583333333333334
11451,211,2026-04-21 14:42:54.516+00,3.583333333333332
3147,109,2025-03-27 20:16:32.1+00,2.250000000000002
4083,123,2025-04-28 17:40:56.501+00,2.250000000000000
11202,88,2026-04-27 18:28:54.883+00,1.666666666666668
10653,29,2026-02-25 16:50:18.09+00,0.666666666666666
11859,123,2026-05-15 16:52:49.989+00,2.25
11075,118,2026-02-27 13:27:42.876+00,2.25
6719,84,2026-04-27 17:52:26.94+00,1.583333333333334
11859,123,2026-05-15 16:52:49.989+00,2.25
8790,53,2025-10-20 16:18:52.922+00,1.000000000000002
6812,9,2026-02-27 20:57:37.058+00,0.333333333333332
6812,9,2026-02-27 20:57:37.039+00,0.333333333333332
8142,123,2026-02-26 17:26:38.785+00,2.250000000000002
10182,176,2026-01-22 17:12:33.061+00,3.00
1963,29,2026-02-28 17:33:16.088+00,0.666666666666666
1963,29,2026-02-28 17:33:16.088+00,0.666666666666666
11075,118,2026-02-27 13:27:42.876+00,2.25
429,15,2024-09-19 17:22:35.635+00,0.586666666666666
429,15,2024-09-19 17:22:35.643+00,0.58666666666667
429,15,2024-09-19 17:22:35.542+00,0.576666666666664
429,15,2024-09-19 17:22:35.606+00,0.58666666666667
429,15,2024-09-19 17:22:35.599+00,0.586666666666666
429,15,2024-09-19 17:22:35.592+00,0.58666666666667
8266,181,2025-09-22 20:59:04.126+00,3
5194,140,2025-10-14 15:52:10.558+00,2.416666666666668
429,15,2024-09-19 17:22:35.571+00,0.58666666666667
6276,31,2025-06-20 15:17:38.013+00,0.666666666666666
483,74,2025-05-27 22:27:37.076+00,1.958333333333336
1850,31,2024-08-12 20:36:12.162+00,0.666666666666664
2894,167,2025-01-29 19:44:28.753+00,3
429,15,2024-09-19 17:22:35.549+00,0.586666666666666
450,52,2025-09-26 19:28:15.648+00,1.083333333333334
7661,73,2025-09-29 21:28:00.867+00,1.333333333333334
2911,115,2025-03-05 16:54:18.855+00,2.145833333333334
919,109,2024-04-22 15:33:06.709+00,2.25
7880,51,2025-10-10 01:02:29.764+00,1
1968,167,2025-04-17 20:40:08.865+00,3.000000000000000
7527,123,2026-05-15 17:03:09.883+00,2.25
1084,123,2024-05-01 20:52:11.464+00,2.149999999999999
788,190,2025-10-29 18:01:16.066+00,3.416666666666668
788,190,2025-10-29 18:01:16.112+00,3.416666666666666
788,190,2025-10-29 18:01:16.081+00,3.416666666666664
788,190,2025-10-29 18:01:16.128+00,3.416666666666668
466,213,2024-03-07 19:47:12.947+00,3.58
5643,123,2025-10-25 16:48:01.9+00,2.25
815,31,2024-04-03 15:36:18.491+00,0.67
1111,31,2024-10-29 19:27:25.292+00,0.666666666666666
8835,118,2025-10-21 19:24:52.038+00,2.25
8385,123,2025-09-24 21:42:29.153+00,2.25
7954,78,2025-09-16 18:33:09.353+00,1.416666666666666
6901,29,2026-03-14 14:45:58.449+00,0.666666666666666
9377,127,2025-11-21 18:30:57.066+00,2.416666666666666
2057,167,2025-11-25 22:18:51.869+00,3
2101,0,2026-05-11 15:24:18.649+00,0.416666666666666
1734,202,2025-09-15 21:56:36.571+00,3.416666666666666
2057,167,2025-11-25 23:43:55.392+00,3.000000000000000
9559,123,2025-12-04 15:09:59.784+00,2.25
7513,123,2025-12-01 17:18:58.831+00,2.25
7513,123,2025-12-01 17:18:58.831+00,2.25
9052,123,2025-11-10 11:52:57.485+00,2.25
5194,140,2025-10-14 15:52:10.586+00,2.416666666666666
9094,213,2025-11-05 12:10:55.069+00,3.416666666666666
9502,127,2025-12-03 22:42:11.743+00,2.416666666666664
9502,127,2025-12-03 22:42:11.726+00,2.416666666666664
1018,109,2024-04-16 18:36:16.05+00,2.25
9200,181,2025-11-14 21:25:56.125+00,3.00
8512,101,2025-12-15 12:36:25.052+00,2.145833333333332
9771,118,2025-12-22 00:05:17.514+00,2.25
6901,29,2026-03-14 14:45:58.449+00,0.666666666666666
6215,181,2026-04-28 16:25:07.538+00,3
5194,113,2025-10-14 15:52:10.544+00,2
6215,181,2026-04-28 16:25:07.579+00,3.0
6215,181,2026-04-28 16:25:07.599+00,3
12164,11,2026-06-24 20:25:33.966+00,0.333333333333334
1850,31,2024-08-12 20:36:12.176+00,0.666666666666666
1421,109,2024-09-04 15:41:22.942+00,2.246666666666664
1884,31,2024-11-11 19:11:12.907+00,0.666666666666664
12164,11,2026-06-24 20:25:33.966+00,0.333333333333334
2356,31,2025-05-01 22:11:05.924+00,0.666666666666666
12164,11,2026-06-24 20:25:33.966+00,0.333333333333332
6286,88,2025-08-11 21:44:03.606+00,1.75
788,190,2025-10-29 18:01:16.176+00,3.416666666666666
2132,31,2024-09-16 15:32:36.248+00,0.666666666666666
2303,31,2024-11-15 22:07:12.667+00,0.666666666666666
2919,31,2025-10-13 19:57:23.183+00,0.666666666666666
3238,31,2025-10-02 12:24:04.146+00,0.666666666666666
7716,110,2025-09-26 21:22:42.113+00,2.145833333333334
7760,176,2025-09-09 21:56:32.768+00,3
8200,66,2025-09-22 17:39:10.57+00,1.333333333333334
7070,90,2025-08-11 14:14:54.031+00,2.0
2346,123,2025-08-08 20:15:14.365+00,2.25
5379,176,2025-06-18 23:16:10.493+00,3.0
11108,0,2026-04-30 16:56:17.334+00,0.41666667
788,190,2025-10-29 18:01:16.096+00,3.416666666666668
9200,181,2025-11-14 21:25:56.11+00,3
10630,0,2026-02-18 10:35:44.805+00,0.833333333333334
11094,29,2026-03-01 16:39:35.445+00,0.666666666666664
9151,123,2026-06-21 17:48:51.577+00,2.25
9151,123,2026-06-21 17:48:51.577+00,2.25
12164,11,2026-06-24 20:25:33.966+00,0.333333333333334
8830,104,2025-10-23 14:00:08.941+00,2.0
4898,109,2025-11-26 16:39:10.376+00,2.25
477,67,2025-12-03 17:15:19.514+00,1.333333333333334
9447,122,2025-11-26 19:12:13.395+00,2.166666666666666
8354,96,2025-11-03 13:46:36.968+00,1.75
445,167,2023-12-08 22:55:02.987+00,3.000000000000000
9502,127,2025-12-03 22:42:11.71+00,2.416666666666666
6143,118,2025-11-17 20:57:46.493+00,2.25
9413,118,2025-11-24 23:17:03.122+00,2.250000000000000
8882,31,2025-11-19 18:09:21.708+00,0.666666666666668
470,0,2026-05-01 00:11:16.645+00,0.416666666666666
10724,181,2026-03-27 13:43:34.646+00,3
6457,123,2026-06-12 15:07:36.337+00,2.25
6681,157,2026-05-21 20:23:47.361+00,2.833333333333334
9440,123,2025-11-25 23:22:41.17+00,2.25
12036,181,2026-06-02 16:36:52.015+00,3
779,31,2026-03-27 13:44:47.047+00,0.666666666666666
7900,211,2025-10-07 15:17:23.497+00,3.500000000000000
779,31,2026-03-27 13:44:47.029+00,0.666666666666666
9301,123,2026-01-10 20:50:35.874+00,2.25
6215,106,2026-03-02 17:17:44.585+00,2.166666666666666
9418,116,2026-03-14 21:54:01.109+00,2.166666666666666
9264,115,2026-05-07 14:14:58.107+00,2.145833333333332
4985,31,2026-03-18 15:58:31.544+00,0.666666666666666
10630,0,2026-02-18 10:35:44.805+00,0.833333333333334
8830,104,2025-10-23 14:00:08.92+00,2
6812,11,2026-03-02 19:14:56.235+00,0.333333333333334
6812,11,2026-03-02 19:14:56.217+00,0.333333333333334
6812,11,2026-03-02 19:14:56.252+00,0.333333333333334
5194,140,2025-10-14 15:52:10.572+00,2.416666666666666
6215,106,2026-03-02 17:17:44.534+00,2.166666666666668
6215,106,2026-03-02 17:17:44.551+00,2.166666666666666
6215,106,2026-03-02 17:17:44.568+00,2.166666666666668
10630,0,2026-02-18 10:35:44.805+00,0.833333333333334
5262,123,2026-04-03 18:56:09.651+00,2.250000000000000
11291,123,2026-06-02 18:45:18.977+00,2.25
10128,58,2026-04-01 14:51:13.025+00,1.083333333333334
11995,111,2026-05-25 21:55:52.3+00,1.916666666666666
6570,123,2026-05-08 20:24:57.545+00,2.25
11982,58,2026-05-24 22:38:56.04+00,1.083333333333334
7613,123,2026-05-22 18:33:21.215+00,2.25
11191,123,2026-05-10 21:45:02.031+00,2.25
11299,138,2026-04-01 15:54:31.739+00,2.583333333333334
8519,161,2026-03-24 22:09:47.136+00,2.666666666666666
8682,51,2026-04-01 16:40:20.202+00,1
10056,123,2026-04-01 15:47:29.471+00,2.25
10495,115,2026-04-01 19:36:57.184+00,2.145833333333334
11314,181,2026-04-03 03:25:21.097+00,3.00
10534,123,2026-04-02 20:16:09.692+00,2.25
10090,99,2026-04-01 17:56:06.869+00,1.666666666666666
11659,143,2026-05-27 20:48:13.095+00,2.583333333333334
11867,238,2026-05-08 04:29:48.917+00,3.75
7267,115,2026-05-26 14:39:41.384+00,2.145833333333334
7267,115,2026-05-26 14:39:41.422+00,2.145833333333334
12006,123,2026-05-26 16:37:30.829+00,2.25
11659,143,2026-05-27 20:48:13.095+00,2.583333333333332
7975,63,2026-02-24 21:51:41.317+00,1.270833333333334
10668,123,2026-02-24 19:49:42.835+00,2.25
10668,123,2026-02-24 19:49:42.835+00,2.25
11497,123,2026-05-27 21:33:20.461+00,2.25
11497,123,2026-05-27 21:33:20.461+00,2.25
10725,123,2026-02-24 15:46:17.283+00,2.250000000000000
9643,71,2026-06-22 12:26:24.892+00,1.416666666666666
9643,71,2026-06-22 12:26:24.892+00,1.416666666666666
11946,181,2026-06-05 01:50:38.207+00,3
9831,0,2026-03-21 15:08:39.112+00,0.416666666666668
11659,143,2026-05-27 20:48:13.095+00,2.583333333333334
10231,181,2026-02-24 22:02:26.984+00,3
836,115,2025-09-10 16:48:42.401+00,2.145833333333334
8499,111,2026-05-11 23:41:15.686+00,2.166666666666666
11241,181,2026-03-19 15:59:16.967+00,3.00
10007,123,2026-01-25 18:47:32.897+00,2.25
7746,28,2025-09-28 12:56:46.43+00,0.666666666666668
492,0,2026-03-24 15:20:40.978+00,0.416666666666666
492,0,2026-03-24 15:20:40.978+00,0.416666666666668
10269,106,2026-04-08 14:17:31.566+00,2.166666666666666
5136,123,2026-06-09 15:08:30.185+00,2.25
5136,123,2026-06-09 15:08:30.185+00,2.25
10728,119,2026-02-24 20:50:13.011+00,2
7527,123,2026-05-15 17:03:09.841+00,2.25
7527,123,2026-05-15 17:03:09.862+00,2.25
8804,123,2026-04-07 13:39:57.048+00,2.25
6583,0,2026-04-08 14:33:07.681+00,0.416666666666666
6583,0,2026-04-08 14:33:07.681+00,0.416666666666666
5136,123,2026-06-09 15:08:30.185+00,2.25
10729,181,2026-05-13 19:12:40.323+00,3
6583,0,2026-04-08 14:33:07.681+00,0.416666666666666
6583,0,2026-04-08 14:33:07.681+00,0.416666666666666
6583,0,2026-04-08 14:33:07.681+00,0.416666666666666
6583,0,2026-04-08 14:33:07.681+00,0.416666666666666
10245,194,2026-04-06 16:05:35.285+00,2.666666666666664
10245,194,2026-04-06 16:05:35.265+00,2.666666666666664
9842,181,2026-04-08 16:02:49.974+00,3.0
492,0,2026-03-24 15:20:40.978+00,0.416666666666666
429,15,2024-09-19 17:22:35.585+00,0.586666666666666
9842,181,2026-04-08 16:02:50.009+00,3.0
10495,115,2026-04-01 19:36:57.222+00,2.145833333333334
10328,118,2026-04-08 20:05:21.779+00,2.250000000000000
449,123,2026-02-20 15:21:19.589+00,2.25
9477,96,2026-04-10 11:57:16.787+00,1.833333333333334
11963,123,2026-05-19 02:25:53.556+00,2.25
10495,115,2026-04-01 19:36:57.203+00,2.145833333333332
10495,115,2026-04-01 19:36:57.243+00,2.145833333333334
492,0,2026-03-24 15:20:40.978+00,0.416666666666666
492,0,2026-03-24 15:20:40.978+00,0.416666666666666
6583,0,2026-04-08 14:33:07.681+00,0.416666666666666
5334,31,2025-08-08 17:25:46.902+00,0.666666666666664
10402,121,2026-04-10 09:40:37.926+00,2.25
10059,31,2026-04-13 14:23:37.298+00,0.666666666666666
11466,123,2026-04-10 20:18:37.107+00,2.25
1059,136,2026-04-13 19:04:14.874+00,2.333333333333334
11451,51,2026-04-13 14:15:16.606+00,1.00
11451,51,2026-04-13 14:15:16.606+00,1
11451,51,2026-04-13 14:15:16.606+00,1
11451,51,2026-04-13 14:15:16.606+00,1
1059,136,2026-04-13 19:04:14.874+00,2.333333333333334
10059,31,2026-04-13 14:23:37.317+00,0.666666666666666
11466,123,2026-04-10 20:18:37.126+00,2.25
11533,115,2026-04-13 15:49:02.093+00,2.145833333333334
9489,240,2026-04-14 02:30:12.142+00,3.75
10334,123,2026-04-14 03:10:54.048+00,2.25
10329,122,2026-04-15 01:03:58.56+00,2.25
11289,0,2026-04-14 04:50:51.972+00,0.416666666666666
11289,0,2026-04-14 04:50:51.972+00,0.416666666666666
11289,0,2026-04-14 04:50:51.972+00,0.416666666666666
11299,138,2026-03-24 17:24:50.893+00,2.583333333333334
11289,0,2026-04-14 04:50:51.972+00,0.416666666666664
11289,0,2026-04-14 04:50:51.972+00,0.416666666666666
11289,0,2026-04-14 04:50:51.972+00,0.416666666666664
11289,0,2026-04-14 04:50:51.972+00,0.416666666666666
11289,0,2026-04-14 04:50:51.972+00,0.416666666666666
11289,0,2026-04-14 04:50:51.972+00,0.416666666666666
11289,0,2026-04-14 04:50:51.972+00,0.416666666666666
11289,0,2026-04-14 04:50:51.972+00,0.416666666666664
11289,0,2026-04-14 04:50:51.972+00,0.416666666666666
11289,0,2026-04-14 04:50:51.972+00,0.416666666666664
9368,54,2026-04-14 01:52:21.549+00,1.3125
7717,110,2026-04-15 23:15:19.338+00,2.145833333333334
11405,0,2026-04-23 13:04:26.915+00,0.416666666666666
12167,28,2026-06-25 09:34:45.701+00,0.666666666666668
9339,155,2026-04-16 01:26:25.138+00,2.833333333333334
9339,155,2026-04-16 01:26:25.138+00,2.833333333333336
12014,123,2026-05-27 17:32:23.121+00,2.25
8241,123,2026-04-15 16:53:24.296+00,2.25
11574,123,2026-04-16 01:54:27.97+00,2.250000000000000
11574,123,2026-04-16 01:54:27.97+00,2.25
8179,71,2026-03-05 18:36:19.107+00,1.333333333333334
10534,123,2026-02-10 01:13:25.965+00,2.25
10534,123,2026-02-10 01:13:25.929+00,2.25
11365,123,2026-04-07 21:31:46.164+00,2.250000000000000
5678,15,2025-05-13 22:43:05.695+00,0.395833333333334
5678,15,2025-05-13 22:43:05.706+00,0.395833333333334
10003,181,2026-01-22 18:50:48.087+00,3.0
5678,15,2025-05-13 22:43:05.716+00,0.395833333333334
9213,123,2026-01-14 16:11:56.779+00,2.25
2077,123,2026-04-08 16:22:49.657+00,2.250000000000002
10113,123,2026-01-28 20:35:17.05+00,2.25
9645,181,2026-01-23 14:47:03.952+00,3.00
12167,28,2026-06-25 09:34:45.701+00,0.666666666666668
12167,28,2026-06-25 09:34:45.701+00,0.666666666666668
8640,151,2026-04-16 13:25:52.127+00,2.666666666666666
8640,151,2026-04-16 13:25:52.127+00,2.666666666666666
8640,151,2026-04-16 13:25:52.127+00,2.666666666666666
8640,151,2026-04-16 13:25:52.127+00,2.666666666666666
11289,0,2026-04-14 04:50:51.972+00,0.416666666666666
11947,0,2026-05-20 14:42:24.785+00,0.416666666666666
11289,0,2026-04-14 04:50:51.972+00,0.416666666666666
11947,0,2026-05-20 14:42:24.785+00,0.416666666666666
12167,28,2026-06-25 09:34:45.701+00,0.666666666666668
12167,28,2026-06-25 09:34:45.701+00,0.666666666666668
7104,32,2026-04-16 15:37:12.661+00,0.75
11947,0,2026-05-20 14:42:24.785+00,0.416666666666666
9925,69,2026-04-19 14:40:43.908+00,1.333333333333332
10399,123,2026-04-13 14:31:02.963+00,2.25
9650,123,2026-04-19 13:54:10.466+00,2.25
11947,0,2026-05-20 14:42:24.785+00,0.416666666666666
12167,28,2026-06-25 09:34:45.701+00,0.666666666666668
11947,0,2026-05-20 14:42:24.785+00,0.416666666666666
11947,0,2026-05-20 14:42:24.785+00,0.416666666666668
11947,0,2026-05-20 14:42:24.785+00,0.416666666666666
8640,52,2026-04-19 06:50:12.575+00,0.916666666666666
12167,28,2026-06-25 09:34:45.701+00,0.666666666666668
9955,115,2026-04-20 16:32:32.508+00,2.145833333333332
12167,102,2026-06-25 09:34:45.701+00,0.666666666666668
11647,123,2026-04-21 20:21:44.855+00,2.25
11947,0,2026-05-20 14:42:24.785+00,0.416666666666666
11947,0,2026-05-20 14:42:24.785+00,0.416666666666666
11947,0,2026-05-20 14:42:24.785+00,0.416666666666666
12167,51,2026-06-25 11:10:46.948+00,1.083333333333334
11947,0,2026-05-20 14:42:24.785+00,0.416666666666666
9955,115,2026-04-20 16:32:32.508+00,2.145833333333334
9855,181,2026-01-28 22:23:43.174+00,3
8891,123,2026-01-29 13:50:38.516+00,2.25
7899,181,2026-02-05 21:06:08.201+00,3
7899,181,2026-02-05 21:06:08.224+00,3
496,144,2026-02-03 14:03:38.051+00,2.833333333333332
8892,123,2026-01-16 17:20:31.194+00,2.25
496,144,2026-02-03 14:03:38.084+00,2.833333333333334
4900,155,2026-02-18 17:15:28.142+00,2.583333333333334
10056,123,2026-02-17 17:21:00.113+00,2.25
11646,123,2026-04-19 20:49:34.419+00,2.250000000000000
9703,46,2026-02-06 15:45:28.48+00,0.916666666666666
9703,46,2026-02-06 15:45:28.496+00,0.916666666666666
11630,123,2026-04-23 17:44:26.792+00,2.25
11701,181,2026-04-24 14:53:25.776+00,3.00
11859,123,2026-05-20 17:17:18.067+00,2.25
12168,113,2026-06-25 12:12:55.571+00,2.25
11289,0,2026-04-14 04:50:51.972+00,0.416666666666666
11289,0,2026-04-14 04:50:51.972+00,0.416666666666664
11108,123,2026-04-24 21:11:32.346+00,2.25
11289,0,2026-04-14 04:50:51.972+00,0.416666666666664
2101,0,2026-05-11 15:24:18.649+00,0.416666666666666
11405,0,2026-04-23 13:04:26.915+00,0.416666666666666
11108,123,2026-04-24 21:11:32.346+00,2.25
5369,78,2026-03-10 17:11:43.413+00,1.50
5369,78,2026-03-10 17:11:43.395+00,1.5
9876,194,2026-03-11 15:19:29.708+00,3.25
7828,113,2026-02-17 17:41:48.643+00,2.083333333333334
8790,53,2025-10-20 16:10:34.81+00,1
8790,53,2025-10-20 16:10:34.795+00,1.000000000000000
10259,143,2026-01-25 18:59:11.749+00,2.583333333333334
6802,123,2026-01-30 20:34:03.168+00,2.25
6802,123,2026-01-30 20:34:03.168+00,2.25
11399,123,2026-04-24 22:00:47.882+00,2.25
11289,0,2026-04-14 04:50:51.972+00,0.416666666666666
5660,96,2025-06-05 22:05:17.786+00,1.750000000000000
174,90,2024-03-13 17:16:29.44+00,1.42
8028,137,2025-12-16 21:30:04.75+00,2.5
645,63,2024-08-12 15:24:27.02+00,1.246666666666666
7183,123,2025-08-25 19:12:12.401+00,2.25
645,63,2024-08-12 15:24:27.012+00,1.296666666666667
379,77,2024-06-25 19:05:50.62+00,1.4425
8957,181,2026-02-04 17:21:30.972+00,3.00
2099,123,2025-04-16 22:57:24.385+00,2.25
397,181,2023-11-19 19:24:16.596+00,3
314,69,2023-10-06 14:48:31.945+00,1.330000000000000
5660,96,2025-06-05 22:05:17.798+00,1.749999999999998
625,115,2024-02-05 17:34:49.107+00,1.889999999999999
9215,70,2025-12-13 16:20:29.297+00,1.166666666666668
6676,123,2026-02-04 21:46:40.806+00,2.25
5523,123,2026-05-29 22:29:03.8+00,2.25
11277,181,2026-03-23 17:27:00.144+00,3.00
2313,195,2024-11-20 17:49:11.341+00,3.25
9652,137,2026-04-27 20:56:29.523+00,2.5
7022,58,2025-08-08 21:19:59.208+00,1.083333333333332
7104,3,2026-04-16 15:37:12.661+00,0.25
11762,152,2026-04-27 14:22:49.78+00,2.50
7439,115,2025-08-25 18:03:53.551+00,2.145833333333336
7317,17,2026-04-29 13:52:19.953+00,0.583333333333334
7317,17,2026-04-29 13:52:19.953+00,0.583333333333334
7924,181,2026-03-23 18:08:52.591+00,3
8292,89,2026-03-19 16:16:42.976+00,1.770833333333334
7818,31,2026-04-28 17:44:57.798+00,0.666666666666666
8385,123,2025-09-24 21:42:29.153+00,2.25
6980,115,2025-10-09 19:37:42.701+00,2.145833333333332
6773,181,2025-07-30 17:43:19.113+00,3
9649,123,2026-02-23 21:33:39.55+00,2.25
9498,188,2025-12-04 19:41:44.589+00,3.25
8686,115,2025-10-12 22:07:42.591+00,2.145833333333334
11822,123,2026-05-14 19:57:40.974+00,2.25
10425,181,2026-02-22 18:31:48.235+00,3
9831,225,2026-05-15 16:31:14.077+00,3.75
9428,181,2026-06-22 19:09:18.829+00,3
8693,61,2025-10-13 18:04:25.674+00,1.270833333333332
5381,19,2026-05-30 01:07:56.727+00,0.5
8654,110,2025-10-13 16:11:14.603+00,2.083333333333334
8279,123,2025-09-22 21:00:24.517+00,2.25
8279,123,2025-09-22 21:00:24.517+00,2.25
8254,123,2025-09-23 00:53:28.028+00,2.25
2078,78,2024-09-23 14:51:08.718+00,1.416666666666666
3936,140,2026-06-06 15:47:53.286+00,2.666666666666666
2182,58,2025-08-01 16:18:17.151+00,1.083333333333336
7182,54,2025-08-22 21:44:33.483+00,1
6144,123,2025-05-30 22:07:23.786+00,2.25
6523,123,2026-03-17 18:28:35.304+00,2.250000000000000
7606,181,2025-11-07 11:36:43.983+00,3.000000000000000
9129,96,2025-11-06 13:52:31.519+00,1.75
445,181,2026-03-02 21:43:41.187+00,2.999999999999998
8028,137,2025-12-16 21:28:58.471+00,2.5
7994,181,2026-02-23 01:10:22.973+00,3.083333333333334
10707,54,2026-02-24 01:45:11.266+00,1.083333333333334
9922,197,2026-02-23 01:00:43.894+00,3.25
9649,123,2026-02-23 21:33:39.567+00,2.249999999999999
4038,96,2026-02-19 21:11:14.399+00,1.833333333333332
9498,188,2025-12-04 19:41:44.604+00,3.25
8159,240,2025-09-19 12:29:52.329+00,3.75
10726,115,2026-02-24 15:52:08.703+00,2.145833333333334
6256,123,2026-02-24 21:37:04.324+00,2.25
6681,157,2026-05-21 20:23:47.381+00,2.833333333333334
10628,81,2026-06-08 00:12:18.28+00,1.5
11108,0,2026-04-30 16:56:17.334+00,0.416666666666668
11108,0,2026-04-30 16:56:17.334+00,0.416666666666668
11108,0,2026-04-30 16:56:17.334+00,0.416666666666664
10668,123,2026-02-24 19:49:42.835+00,2.25
6152,32,2025-06-17 22:01:32.417+00,0.75
10668,123,2026-02-24 19:49:42.835+00,2.25
8115,123,2026-02-24 21:54:19.986+00,2.25
6152,32,2025-06-17 22:01:32.364+00,0.75
8142,123,2026-02-26 17:26:38.803+00,2.25
6812,17,2026-02-27 20:57:37.017+00,0.479166666666668
6812,26,2026-02-27 20:57:37.018+00,0.645833333333334
8057,156,2025-09-17 19:09:10.193+00,2.666666666666666
10736,123,2026-05-16 19:19:09.786+00,2.25
2303,123,2024-11-15 22:07:12.659+00,2.25
2212,41,2025-05-19 17:02:44.039+00,0.833333333333336
7954,78,2025-09-16 18:33:09.34+00,1.416666666666664
6457,123,2026-06-12 15:07:36.38+00,2.25
8106,91,2025-09-18 22:51:19.216+00,1.770833333333332
7558,115,2025-09-18 18:29:19.308+00,2.145833333333332
470,0,2026-05-01 00:11:16.645+00,0.416666666666666
470,0,2026-05-01 00:11:16.645+00,0.416666666666666
470,0,2026-05-01 00:11:16.645+00,0.416666666666666
11823,113,2026-05-04 10:58:14.934+00,2.25
11823,113,2026-05-04 10:58:14.934+00,2.25
11823,113,2026-05-04 10:58:14.934+00,2.25
11823,113,2026-05-04 10:58:14.934+00,2.25
11108,0,2026-04-30 16:56:17.334+00,0.416666666666666
9955,0,2026-04-30 15:02:38.477+00,0.416666666666666
11108,0,2026-04-30 16:56:17.334+00,0.416666666666666
445,0,2026-05-04 14:30:49.498+00,0.416666666666666
11108,0,2026-04-30 16:56:17.334+00,0.416666666666666
6502,176,2026-02-26 21:55:16.995+00,3
6688,123,2025-10-22 17:35:28.2+00,2.250000000000000
8880,107,2025-10-31 13:33:23.687+00,2.000000000000000
7661,73,2025-09-29 21:28:00.88+00,1.333333333333334
8279,123,2025-09-22 21:00:24.517+00,2.25
8279,123,2025-09-22 21:00:24.517+00,2.25
3557,115,2025-02-28 20:52:57.934+00,2.145833333333332
7568,63,2025-09-10 00:48:29.131+00,1.270833333333334
11248,161,2026-03-20 13:27:58.843+00,2.666666659999999
7568,115,2025-09-10 00:47:47.021+00,2.145833333333332
11108,0,2026-04-30 16:56:17.334+00,0.416666666666666
8269,123,2025-09-22 20:46:42.37+00,2.25
8269,123,2025-09-22 20:46:42.37+00,2.25
470,0,2026-05-01 00:11:16.645+00,0.416666666666666
788,190,2025-10-29 18:01:16.159+00,3.416666666666664
7379,179,2026-02-03 23:05:08.991+00,3.000000000000000
6526,51,2025-07-08 20:35:34.411+00,1.000000000000000
10373,123,2026-05-06 18:26:36.187+00,2.25
7379,179,2026-02-03 23:05:09.008+00,3.000000000000000
11839,0,2026-05-06 10:23:42.144+00,0.416666666666666
11839,0,2026-05-06 10:23:42.144+00,0.416666666666666
11840,29,2026-05-06 10:18:55.461+00,0.583333333333334
11839,0,2026-05-06 10:23:42.144+00,0.416666666666666
11839,0,2026-05-06 10:23:42.144+00,0.416666666666666
7999,171,2026-05-06 17:10:31.256+00,3.833333333333334
7999,171,2026-05-06 17:40:33.023+00,3.833333333333334
7999,171,2026-05-06 18:28:29.787+00,3.833333333333334
7999,171,2026-05-06 16:42:38.574+00,3.833333333333334
11839,0,2026-05-06 10:23:42.144+00,0.416666666666666
11839,0,2026-05-06 10:23:42.144+00,0.416666666666666
11839,0,2026-05-06 10:23:42.144+00,0.416666666666666
11839,0,2026-05-06 10:23:42.144+00,0.416666666666666
2678,28,2026-05-05 19:42:27.324+00,0.666666666666666
2678,28,2026-05-05 19:42:27.363+00,0.666666666666664
11839,0,2026-05-06 10:23:42.144+00,0.416666666666666
2678,28,2026-05-05 19:42:27.305+00,0.666666666666664
2678,28,2026-05-05 19:42:27.343+00,0.666666666666664
11839,0,2026-05-06 10:23:42.144+00,0.416666666666666
2101,0,2026-05-11 15:24:18.649+00,0.416666666666666
6688,123,2025-10-22 17:35:28.215+00,2.250000000000000
11241,181,2026-03-19 15:59:16.967+00,2.999999999999993
8960,123,2025-11-09 04:16:54.648+00,2.250000000000000
1100,123,2026-05-21 14:41:41.678+00,2.25
7118,123,2025-08-13 23:31:49.042+00,2.145833333333336
9026,123,2025-11-06 23:31:21.45+00,2.25
8516,161,2025-11-25 13:46:18.193+00,2.666666666666666
8565,171,2025-10-05 14:38:54.19+00,3.000000000000000
8565,171,2025-10-05 14:38:54.19+00,3.000000000000000
9205,123,2025-11-11 13:09:31.375+00,2.25
11839,0,2026-05-06 10:23:42.144+00,0.416666666666666
11839,0,2026-05-06 10:23:42.144+00,0.416666666666666
11839,0,2026-05-06 10:23:42.144+00,0.416666666666666
11839,0,2026-05-06 10:23:42.144+00,0.416666666666666
11854,0,2026-05-07 10:21:06.896+00,0.416666666666666
11854,0,2026-05-07 10:21:06.896+00,0.416666666666666
11854,0,2026-05-07 10:21:06.896+00,0.416666666666666
9483,171,2025-11-27 12:13:39.639+00,3.000000000000000
11811,34,2026-05-21 18:32:45.088+00,0.666666666666668
11811,34,2026-05-21 18:32:45.137+00,0.666666666666666
9052,123,2025-11-10 11:52:57.5+00,2.25
7608,115,2025-10-24 19:37:39.22+00,2.145833333333334
9349,191,2025-12-03 12:38:35.733+00,3.666666666666666
9349,191,2025-12-03 12:38:35.733+00,3.666666666666666
9447,122,2025-11-26 19:12:13.38+00,2.166666666666668
9349,191,2025-12-03 12:38:35.733+00,3.666666666666666
9376,0,2026-03-05 03:07:39.69+00,0.41666666667
9376,0,2026-03-05 03:07:39.69+00,0.416666666666666
9376,0,2026-03-05 03:07:39.69+00,0.416666666666664
9349,191,2025-12-03 12:38:35.733+00,3.666666666666666
11608,0,2026-05-07 17:24:09.661+00,0.416666666666666
11608,0,2026-05-07 17:24:09.661+00,0.416666666666666
11608,0,2026-05-07 17:24:09.661+00,0.416666666666666
11608,0,2026-05-07 17:24:09.661+00,0.416666666666666
11608,0,2026-05-07 17:24:09.661+00,0.416666666666666
11405,0,2026-04-23 13:04:26.915+00,0.416666666666666
11405,0,2026-04-23 13:04:26.915+00,0.416666666666666
11839,0,2026-05-06 10:23:42.144+00,0.416666666666666
11839,0,2026-05-06 10:23:42.144+00,0.416666666666666
11839,0,2026-05-06 10:23:42.144+00,0.416666666666667
11839,0,2026-05-06 10:23:42.144+00,0.416666666666666
2101,0,2026-05-11 15:24:18.649+00,0.416666666666666
11405,0,2026-04-23 13:04:26.915+00,0.416666666666666
9376,0,2026-03-05 03:07:39.69+00,0.416666666666666
9376,0,2026-03-05 03:07:39.69+00,0.416666666666664
9376,0,2026-03-05 03:07:39.69+00,0.416666666666666
9942,29,2026-02-21 20:43:26.172+00,0.666666666666666
8516,161,2025-11-25 13:46:18.142+00,2.666666666666666
9572,123,2025-12-03 18:55:16.589+00,2.25
11248,161,2026-03-20 13:27:58.843+00,2.666666659999999
8790,132,2025-10-20 15:10:28.938+00,2.416666666666664
2664,29,2025-12-01 20:17:42.962+00,0.583333333333334
6457,123,2026-06-12 15:07:36.426+00,2.25
6457,123,2026-06-12 15:07:36.478+00,2.25
12062,123,2026-06-12 22:20:29.466+00,2.25
12062,123,2026-06-12 22:20:29.521+00,2.25
2101,0,2026-05-11 15:24:18.649+00,0.416666666666666
2057,0,2026-05-11 15:26:10.854+00,0.416666666666666
5380,0,2026-05-29 13:06:39.258+00,0.416666666666666
9376,0,2026-03-05 03:07:39.69+00,0.416666666666664
9376,0,2026-03-05 03:07:39.69+00,0.416666666666664
9376,0,2026-03-05 03:07:39.69+00,0.416666666666667
445,0,2026-05-04 14:30:49.498+00,0.416666666666666
9715,123,2026-04-08 17:13:39.411+00,2.25
12109,31,2026-06-13 18:41:49.034+00,0.666666666666668
12109,31,2026-06-13 18:41:49.034+00,0.666666666666668
9946,97,2026-04-10 11:46:25.031+00,1.833333333333332
4859,123,2026-06-14 06:18:26.963+00,2.25
7998,225,2026-03-25 14:07:53.852+00,3.75
10397,123,2026-02-23 21:49:40.879+00,2.25
7954,78,2025-09-16 18:33:09.327+00,1.416666666666666
8640,63,2026-06-15 09:43:36.121+00,1.083333333333334
8640,63,2026-06-15 09:43:36.121+00,1.083333333333334
8640,63,2026-06-15 09:43:36.121+00,1.083333333333334
7954,78,2025-09-16 18:33:09.366+00,1.416666666666666
11243,233,2026-03-23 19:12:47.694+00,4.000000000000000
8057,156,2025-09-17 19:09:10.205+00,2.666666666666666
7954,78,2025-09-16 18:33:09.312+00,1.416666666666666
9939,58,2026-01-12 18:56:14.846+00,1.083333333333334
7902,181,2026-03-03 16:31:57.835+00,3.0
5136,123,2026-06-09 15:08:30.185+00,2.25
2077,123,2026-04-08 16:22:49.638+00,2.25
9842,181,2026-04-08 16:02:50.055+00,3
9842,181,2026-04-08 16:02:49.948+00,3.00
11481,58,2026-04-12 01:48:33.803+00,1.083333333333332
7317,19,2026-04-02 17:48:50.12+00,0.583333333333334
7317,19,2026-04-09 14:59:46.827+00,0.583333333333334
8584,181,2026-03-31 16:47:52.137+00,3
12036,181,2026-06-02 16:36:51.994+00,3.0
12036,181,2026-06-02 16:36:52.036+00,3
9418,116,2026-03-14 21:54:01.109+00,2.166666666666668
11320,181,2026-05-18 14:58:34.722+00,3
4552,52,2026-01-01 22:12:22.276+00,1.083333333333332
10630,0,2026-02-18 10:35:44.805+00,0.833333333333334
5380,0,2026-05-29 13:06:39.258+00,0.416666666666666
9955,0,2026-04-30 15:02:38.477+00,0.416666666666666
11608,0,2026-05-07 17:24:09.661+00,0.416666666666666
7954,78,2025-09-16 18:33:09.299+00,1.416666666666666
8640,63,2026-06-15 09:43:36.121+00,1.083333333333334
2101,0,2026-05-11 15:24:18.649+00,0.416666666666666
10035,123,2026-04-24 22:31:11.171+00,2.25
9368,54,2026-04-14 01:52:21.568+00,1.3125
3208,123,2026-04-14 17:59:46.094+00,2.249999999999998
8241,123,2026-04-15 16:53:24.276+00,2.25
10491,141,2026-04-16 15:47:40.738+00,2.583333333333332
7317,19,2026-04-16 16:04:57.038+00,0.583333333333334
11521,54,2026-04-19 14:37:16.165+00,1.083333333333334
8394,123,2026-04-18 15:35:32.856+00,2.25
8394,123,2026-04-18 15:35:32.856+00,2.25
11521,54,2026-04-21 14:25:39.564+00,1.083333333333334
11759,181,2026-04-27 12:42:18.673+00,3
11759,181,2026-04-27 12:42:18.673+00,2.999999999999998
11734,69,2026-04-26 14:49:03.065+00,1.333333333333334
10628,81,2026-06-08 00:12:18.28+00,1.50
11826,123,2026-05-04 13:37:50.97+00,2.250000000000000
11826,123,2026-05-04 13:37:50.97+00,2.250000000000000
8880,107,2025-10-31 13:33:23.687+00,2.000000000000000
2425,115,2026-05-06 00:47:31.475+00,2.145833333333334
7808,123,2026-04-30 01:05:35.26+00,2.25
2486,56,2026-06-04 12:18:32.274+00,1.083333333333334
10630,0,2026-02-18 10:35:44.805+00,0.833333333333334
9464,83,2026-04-19 14:17:14.652+00,1.5
9768,123,2026-04-15 00:47:57.855+00,2.25
10234,123,2026-04-15 00:54:06.245+00,2.25
11629,181,2026-04-19 16:00:00.646+00,3.00
9961,123,2026-04-19 14:00:50.35+00,2.25
9082,70,2026-06-23 15:26:00.983+00,1.333333333333334
8182,181,2026-06-23 15:47:27.339+00,3
8182,181,2026-06-23 15:47:27.373+00,3
2664,29,2025-12-01 20:17:42.943+00,0.583333333333334
470,0,2026-05-01 00:11:16.645+00,0.416666666666666
11108,0,2026-04-30 16:56:17.334+00,0.416666666666668
11405,0,2026-04-23 13:04:26.915+00,0.416666666666664
11405,0,2026-04-23 13:04:26.915+00,0.416666666666664
11405,0,2026-04-23 13:04:26.915+00,0.416666666666666
11405,0,2026-04-23 13:04:26.915+00,0.416666666666666
11121,29,2026-04-26 23:12:45.218+00,0.666666666666666
11121,29,2026-04-26 23:12:45.218+00,0.666666666666664
11608,0,2026-05-07 17:24:09.661+00,0.416666666666664
6583,0,2026-04-08 14:33:07.681+00,0.416666666666666
11566,49,2026-05-01 03:44:48.669+00,1
11566,49,2026-05-01 03:44:48.669+00,1
6583,0,2026-04-08 14:33:07.681+00,0.416666666666666
11051,189,2026-06-24 13:34:42.353+00,2.916666666666668
11051,189,2026-06-24 13:34:42.353+00,2.916666666666668
11854,0,2026-05-07 10:21:06.896+00,0.416666666666666
11854,0,2026-05-07 10:21:06.896+00,0.416666666666666
11854,0,2026-05-07 10:21:06.896+00,0.416666666666666
11839,0,2026-05-06 10:23:42.144+00,0.416666666666666
10399,123,2026-04-13 14:31:02.983+00,2.25
8804,123,2026-04-07 13:39:57.048+00,2.25
10048,123,2026-04-10 12:03:23.516+00,2.25
10065,93,2026-04-10 11:53:09.82+00,1.75
10329,122,2026-04-15 01:03:58.58+00,2.25
11231,115,2026-04-24 22:03:52.196+00,2.145833333333332
11839,0,2026-05-06 10:23:42.144+00,0.416666666666666
4186,201,2026-04-08 21:19:11.374+00,3.75
11608,0,2026-05-07 17:24:09.661+00,0.416666666666666
11608,0,2026-05-07 17:24:09.661+00,0.416666666666666
11405,0,2026-04-23 13:04:26.915+00,0.416666666666670
11774,181,2026-04-28 19:22:07.825+00,3
7828,113,2026-06-08 16:35:08.311+00,2.083333333333334
7808,123,2026-04-30 01:05:35.26+00,2.25
1686,115,2026-04-28 18:25:44.892+00,2.145833333333333
11336,181,2026-05-02 18:04:11.335+00,3
9987,123,2026-06-10 00:04:40.123+00,2.25
2486,56,2026-06-04 12:18:32.274+00,1.083333333333334
11765,123,2026-04-30 14:01:05.922+00,2.25
11765,123,2026-04-30 14:01:05.902+00,2.250000000000002
8280,115,2026-05-04 12:55:54.75+00,2.145833333333334
11999,123,2026-06-06 03:59:45.235+00,2.25
11854,0,2026-05-07 10:21:06.896+00,0.416666666666666
11854,0,2026-05-07 10:21:06.896+00,0.416666666666666
11854,0,2026-05-07 10:21:06.896+00,0.416666666666666
6583,0,2026-04-08 14:33:07.681+00,0.416666666666666
6583,0,2026-04-08 14:33:07.681+00,0.416666666666666
6583,0,2026-04-08 14:33:07.681+00,0.416666666666666
2043,173,2026-06-24 15:31:47.167+00,3.083333333333334
6583,0,2026-04-08 14:33:07.681+00,0.416666666666666
2101,0,2026-05-11 15:24:18.649+00,0.416666666666668
6583,0,2026-04-08 14:33:07.681+00,0.416666666666666
2101,0,2026-05-11 15:24:18.649+00,0.416666666666666
2101,0,2026-05-11 15:24:18.649+00,0.416666666666666
9376,0,2026-03-05 03:07:39.69+00,0.416666666666664
2101,0,2026-05-11 15:24:18.649+00,0.416666666666666
9376,0,2026-03-05 03:07:39.69+00,0.416666666666664
2101,0,2026-05-11 15:24:18.649+00,0.416666666666666
2057,0,2026-05-11 15:26:10.854+00,0.416666666666666
2057,0,2026-05-11 15:26:10.854+00,0.416666666666666
2057,0,2026-05-11 15:26:10.854+00,0.416666666666666
2057,0,2026-05-11 15:26:10.854+00,0.416666666666666
2057,0,2026-05-11 15:26:10.854+00,0.416666666666666
2057,0,2026-05-11 15:26:10.854+00,0.416666666666666
2057,0,2026-05-11 15:26:10.854+00,0.416666666666666
2057,0,2026-05-11 15:26:10.854+00,0.416666666666666
2057,0,2026-05-11 15:26:10.854+00,0.416666666666666
2057,0,2026-05-11 15:26:10.854+00,0.416666666666666
2057,0,2026-05-11 15:26:10.854+00,0.416666666666666
2057,0,2026-05-11 15:26:10.854+00,0.416666666666666
2057,0,2026-05-11 15:26:10.854+00,0.416666666666666
2057,0,2026-05-11 15:26:10.854+00,0.416666666666666
2057,0,2026-05-11 15:26:10.854+00,0.416666666666666
6583,0,2026-04-08 14:33:07.681+00,0.416666666666666
10630,0,2026-02-18 10:35:44.805+00,0.833333333333334
10630,0,2026-02-18 10:35:44.805+00,0.833333333333334
10630,0,2026-02-18 10:35:44.805+00,0.833333333333334
11907,0,2026-05-11 16:04:48.62+00,0.416666666666666
11907,0,2026-05-11 16:04:48.62+00,0.416666666666666
11907,0,2026-05-11 16:04:48.62+00,0.416666666666666
11907,0,2026-05-11 16:04:48.62+00,0.416666666666666
10630,0,2026-02-18 10:35:44.805+00,0.833333333333334
11907,0,2026-05-11 16:04:48.62+00,0.416666666666666
11907,0,2026-05-11 16:04:48.62+00,0.416666666666666
11907,0,2026-05-11 16:04:48.62+00,0.416666666666666
10630,0,2026-02-18 10:35:44.805+00,0.833333333333334
10630,0,2026-02-18 10:35:44.805+00,0.833333333333334
10630,0,2026-02-18 10:35:44.805+00,0.833333333333334
10630,0,2026-02-18 10:35:44.805+00,0.833333333333334
10630,0,2026-02-18 10:35:44.805+00,0.833333333333334
10630,0,2026-02-18 10:35:44.805+00,0.833333333333334
470,0,2026-05-01 00:11:16.645+00,0.416666666666666
10630,0,2026-02-18 10:35:44.805+00,0.833333333333334
445,0,2026-05-04 14:30:49.498+00,0.416666666666667
445,0,2026-05-04 14:30:49.498+00,0.416666666666667
2057,0,2026-05-11 15:26:10.854+00,0.416666663333333
9955,0,2026-04-30 15:02:38.477+00,0.416666670000000
9831,0,2026-03-21 15:08:39.112+00,0.416666666666668
5380,0,2026-05-29 13:06:39.258+00,0.416666666666666
5380,0,2026-05-29 13:06:39.258+00,0.416666666666666
5380,0,2026-05-29 13:06:39.258+00,0.416666666666666
9376,0,2026-03-05 03:07:39.69+00,0.416666666666664
5380,0,2026-05-29 13:06:39.258+00,0.416666666666668
5380,0,2026-05-29 13:06:39.258+00,0.416666666666668
5380,0,2026-05-29 13:06:39.258+00,0.416666666666668
5380,0,2026-05-29 13:06:39.258+00,0.416666666666668
9376,0,2026-03-05 03:07:39.69+00,0.416666666666664
5380,0,2026-05-29 13:06:39.258+00,0.416666666666666
5380,0,2026-05-29 13:06:39.258+00,0.416666666666666
492,0,2026-03-24 15:20:40.978+00,0.416666666666666
492,0,2026-03-24 15:20:40.978+00,0.416666666666666
492,0,2026-03-24 15:20:40.978+00,0.416666666666668
492,0,2026-03-24 15:20:40.978+00,0.416666666666666
492,0,2026-03-24 15:20:40.978+00,0.416666666666666
6583,0,2026-04-08 14:33:07.681+00,0.416666666666666
6583,0,2026-04-08 14:33:07.681+00,0.416666666666666
11947,0,2026-05-20 14:42:24.785+00,0.416666666666668
11947,0,2026-05-20 14:42:24.785+00,0.416666666666666
11947,0,2026-05-20 14:42:24.785+00,0.416666666666666
11947,0,2026-05-20 14:42:24.785+00,0.416666666666666
11947,0,2026-05-20 14:42:24.785+00,0.416666666666668
11947,0,2026-05-20 14:42:24.785+00,0.416666666666666
11947,0,2026-05-20 14:42:24.785+00,0.416666666666666
11947,0,2026-05-20 14:42:24.785+00,0.416666666666666
11947,0,2026-05-20 14:42:24.785+00,0.416666666666668
11405,0,2026-04-23 13:04:26.915+00,0.416666666666666
11405,0,2026-04-23 13:04:26.915+00,0.416666666666666
11405,0,2026-04-23 13:04:26.915+00,0.416666666666666
11405,0,2026-04-23 13:04:26.915+00,0.416666666666668
11405,0,2026-04-23 13:04:26.915+00,0.416666666666666
11405,0,2026-04-23 13:04:26.915+00,0.416666666666666
9955,0,2026-04-30 15:02:38.477+00,0.416666666666667
9955,0,2026-04-30 15:02:38.477+00,0.416666666666666
9955,0,2026-04-30 15:02:38.477+00,0.416666666666666
9955,0,2026-04-30 15:02:38.477+00,0.416666666666666
9955,0,2026-04-30 15:02:38.477+00,0.416666666666666
9955,0,2026-04-30 15:02:38.477+00,0.416666666666666
9955,0,2026-04-30 15:02:38.477+00,0.416666666666666
9955,0,2026-04-30 15:02:38.477+00,0.416666666666666
9955,0,2026-04-30 15:02:38.477+00,0.416666666666666
11108,0,2026-04-30 16:56:17.334+00,0.416666666666666
9955,0,2026-04-30 15:02:38.477+00,0.416666666666666
9955,0,2026-04-30 15:02:38.477+00,0.416666666666666
9955,0,2026-04-30 15:02:38.477+00,0.416666666666666
9955,0,2026-04-30 15:02:38.477+00,0.416666666666666
11108,0,2026-04-30 16:56:17.334+00,0.416666666666667
9955,0,2026-04-30 15:02:38.477+00,0.416666666666666
11108,0,2026-04-30 16:56:17.334+00,0.416666666666664
11108,0,2026-04-30 16:56:17.334+00,0.416666666666666
11108,0,2026-04-30 16:56:17.334+00,0.416666666666666
11108,0,2026-04-30 16:56:17.334+00,0.416666670000000
11108,0,2026-04-30 16:56:17.334+00,0.41666666666667
11108,0,2026-04-30 16:56:17.334+00,0.416666666666666
11108,0,2026-04-30 16:56:17.334+00,0.416666666666666
470,0,2026-05-01 00:11:16.645+00,0.416666666666666
470,0,2026-05-01 00:11:16.645+00,0.416666666666666
470,0,2026-05-01 00:11:16.645+00,0.416666666666666
470,0,2026-05-01 00:11:16.645+00,0.416666666666666
470,0,2026-05-01 00:11:16.645+00,0.416666666666666
470,0,2026-05-01 00:11:16.645+00,0.416666666666666
470,0,2026-05-01 00:11:16.645+00,0.416666666666666
470,0,2026-05-01 00:11:16.645+00,0.416666666666666
470,0,2026-05-01 00:11:16.645+00,0.416666666666666
445,0,2026-05-04 14:30:49.498+00,0.416666666666666
445,0,2026-05-04 14:30:49.498+00,0.416666666666666
445,0,2026-05-04 14:30:49.498+00,0.416666666666666
445,0,2026-05-04 14:30:49.498+00,0.416666666666666
445,0,2026-05-04 14:30:49.498+00,0.416666666666666
445,0,2026-05-04 14:30:49.498+00,0.416666666666666
445,0,2026-05-04 14:30:49.498+00,0.416666666666666
445,0,2026-05-04 14:30:49.498+00,0.416666666666666
11608,0,2026-05-07 17:24:09.661+00,0.416666666666666
11608,0,2026-05-07 17:24:09.661+00,0.416666666666666
11608,0,2026-05-07 17:24:09.661+00,0.416666666666666
11608,0,2026-05-07 17:24:09.661+00,0.416666666666666
11608,0,2026-05-07 17:24:09.661+00,0.416666666666666
11608,0,2026-05-07 17:24:09.661+00,0.416666666666666
11608,0,2026-05-07 17:24:09.661+00,0.416666666666666
11608,0,2026-05-07 17:24:09.661+00,0.416666666666666
9955,0,2026-04-30 15:02:38.477+00,0.416666666666666
492,0,2026-03-24 15:20:40.978+00,0.416666666666666
445,0,2026-05-04 14:30:49.498+00,0.416666666666666
445,0,2026-05-04 14:30:49.498+00,0.416666666666664
445,0,2026-05-04 14:30:49.498+00,0.416666666666666
11608,0,2026-05-07 17:24:09.661+00,0.416666666666666
6583,0,2026-04-08 14:33:07.681+00,0.416666666666666
11854,0,2026-05-07 10:21:06.896+00,0.416666666666666
11854,0,2026-05-07 10:21:06.896+00,0.416666666666666
11854,0,2026-05-07 10:21:06.896+00,0.416666666666666
11854,0,2026-05-07 10:21:06.896+00,0.416666666666666
11854,0,2026-05-07 10:21:06.896+00,0.416666666666666
11854,0,2026-05-07 10:21:06.896+00,0.416666666666666
11854,0,2026-05-07 10:21:06.896+00,0.416666666666666
11854,0,2026-05-07 10:21:06.896+00,0.416666666666666
11854,0,2026-05-07 10:21:06.896+00,0.416666666666666
11854,0,2026-05-07 10:21:06.896+00,0.416666666666666
11854,0,2026-05-07 10:21:06.896+00,0.416666666666666
